,Sujets,Group,Effectif,TrainingPhase,Compatibility,Quantiles,MeanRT,PercentCorrect,NofResp,asinPC
0,c1r1,control,1.0,early,compatible,1,219.54106280193238,1.0,118,1.5707963267948966
1,c1r1,control,1.0,early,compatible,2,262.81400966183577,1.0,118,1.5707963267948966
2,c1r1,control,1.0,early,compatible,3,320.3623188405796,1.0,118,1.5707963267948966
3,c1r1,control,1.0,early,compatible,4,382.1980676328504,1.0,118,1.5707963267948966
4,c1r1,control,1.0,early,compatible,5,441.61835748792265,1.0,118,1.5707963267948966
5,c1r1,control,1.0,early,compatible,6,527.053140096618,1.0,118,1.5707963267948966
6,c1r1,control,1.0,early,compatible,7,741.8599033816427,1.0,118,1.5707963267948966
0,c1r1,control,1.0,early,incompatible,1,298.9156626506024,0.8916,83,1.2352422460322088
1,c1r1,control,1.0,early,incompatible,2,451.4457831325301,0.8916,83,1.2352422460322088
2,c1r1,control,1.0,early,incompatible,3,566.0240963855422,0.6867,83,0.9767845461968555
3,c1r1,control,1.0,early,incompatible,4,666.2650602409639,0.6145,83,0.9008806071234643
4,c1r1,control,1.0,early,incompatible,5,787.5903614457832,0.4578,83,0.7431788750077809
5,c1r1,control,1.0,early,incompatible,6,1009.6385542168674,0.3735,83,0.6575025805193163
6,c1r1,control,1.0,early,incompatible,7,1649.0361445783133,0.1446,83,0.3900503675021981
0,c1r1,control,1.0,medium,compatible,1,194.04255319148936,1.0,141,1.5707963267948966
1,c1r1,control,1.0,medium,compatible,2,221.06382978723406,1.0,141,1.5707963267948966
2,c1r1,control,1.0,medium,compatible,3,252.05673758865248,1.0,141,1.5707963267948966
3,c1r1,control,1.0,medium,compatible,4,304.9645390070922,1.0,141,1.5707963267948966
4,c1r1,control,1.0,medium,compatible,5,363.82978723404256,1.0,141,1.5707963267948966
5,c1r1,control,1.0,medium,compatible,6,433.54609929078015,0.9929,141,1.4864861283841004
6,c1r1,control,1.0,medium,compatible,7,634.7517730496454,0.9787,141,1.4244124588641371
0,c1r1,control,1.0,medium,incompatible,1,213.7308533916849,0.9923,130,1.4831669221947346
1,c1r1,control,1.0,medium,incompatible,2,275.99562363238516,0.954,130,1.35475639876317
2,c1r1,control,1.0,medium,incompatible,3,340.557986870897,0.9617,130,1.3738363115234604
3,c1r1,control,1.0,medium,incompatible,4,409.38730853391695,0.9617,130,1.3738363115234604
4,c1r1,control,1.0,medium,incompatible,5,480.95185995623626,0.9387,130,1.3206693526744586
5,c1r1,control,1.0,medium,incompatible,6,581.6630196936543,0.9234,130,1.2903933667403138
6,c1r1,control,1.0,medium,incompatible,7,905.7658643326038,0.7856,130,1.0893303233281753
0,c1r1,control,1.0,late,compatible,1,190.44117647058823,1.0,145,1.5707963267948966
1,c1r1,control,1.0,late,compatible,2,217.47058823529412,1.0,145,1.5707963267948966
2,c1r1,control,1.0,late,compatible,3,248.5686274509804,1.0,145,1.5707963267948966
3,c1r1,control,1.0,late,compatible,4,298.078431372549,1.0,145,1.5707963267948966
4,c1r1,control,1.0,late,compatible,5,359.5392156862744,1.0,145,1.5707963267948966
5,c1r1,control,1.0,late,compatible,6,444.9313725490198,1.0,145,1.5707963267948966
6,c1r1,control,1.0,late,compatible,7,653.4999999999999,0.9931,145,1.4878629724112797
0,c1r1,control,1.0,late,incompatible,1,214.21052631578948,1.0,130,1.5707963267948966
1,c1r1,control,1.0,late,incompatible,2,267.16008771929825,0.9923,130,1.4830755592
2,c1r1,control,1.0,late,incompatible,3,322.46710526315786,1.0,130,1.5707963267948966
3,c1r1,control,1.0,late,incompatible,4,391.15131578947364,0.977,130,1.418464986139777
4,c1r1,control,1.0,late,incompatible,5,461.94078947368445,0.9693,130,1.394665367706081
5,c1r1,control,1.0,late,incompatible,6,558.7609649122804,0.9539,130,1.354513953836994
6,c1r1,control,1.0,late,incompatible,7,846.3486842105266,0.8849,130,1.224611241631283
0,c3r2,control,1.0,early,compatible,1,217.986798679868,1.0,129,1.5707963267948966
1,c3r2,control,1.0,early,compatible,2,246.93069306930693,1.0,129,1.5707963267948966
2,c3r2,control,1.0,early,compatible,3,285.9625962596259,1.0,129,1.5707963267948966
3,c3r2,control,1.0,early,compatible,4,351.66116611661175,1.0,129,1.5707963267948966
4,c3r2,control,1.0,early,compatible,5,416.6776677667768,1.0,129,1.5707963267948966
5,c3r2,control,1.0,early,compatible,6,514.5654565456542,1.0,129,1.5707963267948966
6,c3r2,control,1.0,early,compatible,7,697.0627062706272,0.9923,129,1.4829272964223337
0,c3r2,control,1.0,early,incompatible,1,263.4579439252336,0.215,107,0.4820888882609808
1,c3r2,control,1.0,early,incompatible,2,407.10280373831773,0.215,107,0.4820888882609808
2,c3r2,control,1.0,early,incompatible,3,535.7009345794393,0.243,107,0.5154667448293789
3,c3r2,control,1.0,early,incompatible,4,660.1869158878504,0.2804,107,0.558014586077508
4,c3r2,control,1.0,early,incompatible,5,817.6635514018692,0.2991,107,0.5786198842917338
5,c3r2,control,1.0,early,incompatible,6,1092.8971962616822,0.1869,107,0.44708401684017807
6,c3r2,control,1.0,early,incompatible,7,1689.5327102803737,0.1682,107,0.4226207194692029
0,c3r2,control,1.0,medium,compatible,1,215.28301886792454,1.0,159,1.5707963267948966
1,c3r2,control,1.0,medium,compatible,2,242.2012578616352,1.0,159,1.5707963267948966
2,c3r2,control,1.0,medium,compatible,3,269.748427672956,1.0,159,1.5707963267948966
3,c3r2,control,1.0,medium,compatible,4,317.4842767295597,1.0,159,1.5707963267948966
4,c3r2,control,1.0,medium,compatible,5,382.9559748427673,1.0,159,1.5707963267948966
5,c3r2,control,1.0,medium,compatible,6,457.42138364779873,1.0,159,1.5707963267948966
6,c3r2,control,1.0,medium,compatible,7,659.496855345912,0.9937,159,1.4914029373905127
0,c3r2,control,1.0,medium,incompatible,1,253.24532453245328,0.6623,129,0.9506561482446709
1,c3r2,control,1.0,medium,incompatible,2,379.6589658965897,0.5677,129,0.8532631112915742
2,c3r2,control,1.0,medium,incompatible,3,470.7810781078107,0.5567,129,0.8421763679547071
3,c3r2,control,1.0,medium,incompatible,4,551.3421342134214,0.5699,129,0.85548485766257
4,c3r2,control,1.0,medium,incompatible,5,643.6523652365238,0.6084,129,0.8946258680555923
5,c3r2,control,1.0,medium,incompatible,6,797.0407040704065,0.5468,129,0.8322218185962715
6,c3r2,control,1.0,medium,incompatible,7,1392.5192519251927,0.231,129,0.5013946585818504
0,c3r2,control,1.0,late,compatible,1,195.87852494577004,1.0,131,1.5707963267948966
1,c3r2,control,1.0,late,compatible,2,223.57917570498915,1.0,131,1.5707963267948966
2,c3r2,control,1.0,late,compatible,3,245.21691973969632,1.0,131,1.5707963267948966
3,c3r2,control,1.0,late,compatible,4,275.6073752711497,0.9924,131,1.4835562796182127
4,c3r2,control,1.0,late,compatible,5,330.3579175704988,1.0,131,1.5707963267948966
5,c3r2,control,1.0,late,compatible,6,419.58785249457725,0.9924,131,1.4835562796182127
6,c3r2,control,1.0,late,compatible,7,608.9154013015182,0.9469,131,1.338173061435273
0,c3r2,control,1.0,late,incompatible,1,220.9090909090909,0.9205,125,1.2848778098852804
1,c3r2,control,1.0,late,incompatible,2,266.4204545454545,0.8693,125,1.2009198323226276
2,c3r2,control,1.0,late,incompatible,3,320.5454545454547,0.8682,125,1.1992388296154899
3,c3r2,control,1.0,late,incompatible,4,405.64772727272714,0.9443,125,1.3325782485861666
4,c3r2,control,1.0,late,incompatible,5,481.61363636363643,0.9443,125,1.3325782485861666
5,c3r2,control,1.0,late,incompatible,6,584.545454545455,0.9443,125,1.3325782485861666
6,c3r2,control,1.0,late,incompatible,7,997.8295454545453,0.7295,125,1.0238833404856227
0,c4r1,test2,1.0,early,compatible,1,227.25806451612905,1.0,132,1.5707963267948966
1,c4r1,test2,1.0,early,compatible,2,288.247311827957,1.0,132,1.5707963267948966
2,c4r1,test2,1.0,early,compatible,3,352.17204301075253,1.0,132,1.5707963267948966
3,c4r1,test2,1.0,early,compatible,4,408.34408602150546,1.0,132,1.5707963267948966
4,c4r1,test2,1.0,early,compatible,5,476.07526881720446,1.0,132,1.5707963267948966
5,c4r1,test2,1.0,early,compatible,6,577.7204301075265,1.0,132,1.5707963267948966
6,c4r1,test2,1.0,early,compatible,7,819.8064516129034,0.9699,132,1.3963973265227148
0,c4r1,test2,1.0,early,incompatible,1,285.6028368794326,0.8511,120,1.1745882160568675
1,c4r1,test2,1.0,early,incompatible,2,424.290780141844,0.8369,120,1.1550397141768693
2,c4r1,test2,1.0,early,incompatible,3,510.094562647754,0.7033,120,0.9947742072780398
3,c4r1,test2,1.0,early,incompatible,4,602.2813238770686,0.6324,120,0.9193835317652251
4,c4r1,test2,1.0,early,incompatible,5,696.406619385343,0.5615,120,0.847019513086175
5,c4r1,test2,1.0,early,incompatible,6,864.5626477541364,0.4125,120,0.6974757709109907
6,c4r1,test2,1.0,early,incompatible,7,1242.6359338061468,0.396,120,0.6806135688145586
0,c4r1,test2,1.0,medium,compatible,1,207.60663507109007,1.0,120,1.5707963267948966
1,c4r1,test2,1.0,medium,compatible,2,245.29620853080567,1.0,120,1.5707963267948966
2,c4r1,test2,1.0,medium,compatible,3,286.50473933649295,1.0,120,1.5707963267948966
3,c4r1,test2,1.0,medium,compatible,4,344.0047393364929,1.0,120,1.5707963267948966
4,c4r1,test2,1.0,medium,compatible,5,404.40758293838877,1.0,120,1.5707963267948966
5,c4r1,test2,1.0,medium,compatible,6,501.27962085308053,1.0,120,1.5707963267948966
6,c4r1,test2,1.0,medium,compatible,7,746.5402843601895,0.9834,120,1.441640701372052
0,c4r1,test2,1.0,medium,incompatible,1,226.84210526315792,0.982,111,1.4363298706867687
1,c4r1,test2,1.0,medium,incompatible,2,287.7150192554557,0.982,111,1.4363298706867687
2,c4r1,test2,1.0,medium,incompatible,3,355.5840821566109,0.973,111,1.4058611461240125
3,c4r1,test2,1.0,medium,incompatible,4,427.48395378690645,0.982,111,1.4363298706867687
4,c4r1,test2,1.0,medium,incompatible,5,505.80231065468547,0.9101,111,1.2663497643447768
5,c4r1,test2,1.0,medium,incompatible,6,623.5430038510908,0.9101,111,1.2663497643447768
6,c4r1,test2,1.0,medium,incompatible,7,977.5096277278565,0.7304,111,1.024872504971077
0,c4r1,test2,1.0,late,compatible,1,196.69441141498214,1.0,120,1.5707963267948966
1,c4r1,test2,1.0,late,compatible,2,229.89298454221165,1.0,120,1.5707963267948966
2,c4r1,test2,1.0,late,compatible,3,270.70154577883477,1.0,120,1.5707963267948966
3,c4r1,test2,1.0,late,compatible,4,326.1236623067776,1.0,120,1.5707963267948966
4,c4r1,test2,1.0,late,compatible,5,394.62544589774063,1.0,120,1.5707963267948966
5,c4r1,test2,1.0,late,compatible,6,478.7990487514867,1.0,120,1.5707963267948966
6,c4r1,test2,1.0,late,compatible,7,715.1367419738405,0.9917,120,1.4794409615767679
0,c4r1,test2,1.0,late,incompatible,1,205.97686375321337,1.0,111,1.5707963267948966
1,c4r1,test2,1.0,late,incompatible,2,252.98200514138816,0.928,111,1.2991780899232699
2,c4r1,test2,1.0,late,incompatible,3,311.22107969151676,0.973,111,1.4057576387099768
3,c4r1,test2,1.0,late,incompatible,4,374.2416452442159,0.991,111,1.4757974573935912
4,c4r1,test2,1.0,late,incompatible,5,445.06426735218497,0.991,111,1.4757974573935912
5,c4r1,test2,1.0,late,incompatible,6,545.9897172236507,0.946,111,1.3363064784017435
6,c4r1,test2,1.0,late,incompatible,7,794.0874035989716,0.892,111,1.2359901043895798
0,c4r2,control,1.0,early,compatible,1,188.76394849785407,1.0,166,1.5707963267948966
1,c4r2,control,1.0,early,compatible,2,214.0429184549356,0.994,166,1.4932010920764576
2,c4r2,control,1.0,early,compatible,3,233.3133047210301,1.0,166,1.5707963267948966
3,c4r2,control,1.0,early,compatible,4,256.1115879828326,1.0,166,1.5707963267948966
4,c4r2,control,1.0,early,compatible,5,286.7982832618026,1.0,166,1.5707963267948966
5,c4r2,control,1.0,early,compatible,6,352.0944206008584,0.994,166,1.4932010920764576
6,c4r2,control,1.0,early,compatible,7,491.785407725322,0.9579,166,1.3642449641840193
0,c4r2,control,1.0,early,incompatible,1,202.67418032786887,0.9139,139,1.273046358034977
1,c4r2,control,1.0,early,incompatible,2,244.59016393442622,0.7633,139,1.0627200292856855
2,c4r2,control,1.0,early,incompatible,3,287.5102459016394,0.792,139,1.097231137252903
3,c4r2,control,1.0,early,incompatible,4,352.0594262295081,0.8207,139,1.133554417121702
4,c4r2,control,1.0,early,incompatible,5,445.4405737704918,0.6619,139,0.950253611242579
5,c4r2,control,1.0,early,incompatible,6,584.9282786885246,0.6137,139,0.9001320718919024
6,c4r2,control,1.0,early,incompatible,7,862.1721311475411,0.3689,139,0.652697956469838
0,c4r2,control,1.0,medium,compatible,1,180.755980861244,1.0,149,1.5707963267948966
1,c4r2,control,1.0,medium,compatible,2,203.07177033492823,1.0,149,1.5707963267948966
2,c4r2,control,1.0,medium,compatible,3,217.68421052631578,1.0,149,1.5707963267948966
3,c4r2,control,1.0,medium,compatible,4,239.2631578947368,1.0,149,1.5707963267948966
4,c4r2,control,1.0,medium,compatible,5,271.41626794258383,1.0,149,1.5707963267948966
5,c4r2,control,1.0,medium,compatible,6,338.4401913875597,0.9933,149,1.4888588178703852
6,c4r2,control,1.0,medium,compatible,7,514.5933014354068,0.9665,149,1.3867487514470418
0,c4r2,control,1.0,medium,incompatible,1,184.38075742067554,0.9498,139,1.3449324189763043
1,c4r2,control,1.0,medium,incompatible,2,213.49027635619242,0.9498,139,1.3449324189763043
2,c4r2,control,1.0,medium,incompatible,3,239.9795291709314,0.9069,139,1.2606568106091802
3,c4r2,control,1.0,medium,incompatible,4,275.05629477993864,0.914,139,1.2732031967376511
4,c4r2,control,1.0,medium,incompatible,5,331.22824974411463,0.8854,139,1.2253871748157232
5,c4r2,control,1.0,medium,incompatible,6,436.7860798362333,0.8925,139,1.2367914262130455
6,c4r2,control,1.0,medium,incompatible,7,692.6305015353121,0.6847,139,0.9746332070361545
0,c4r2,control,1.0,late,compatible,1,177.13587487781035,1.0,146,1.5707963267948966
1,c4r2,control,1.0,late,compatible,2,195.92375366568916,1.0,146,1.5707963267948966
2,c4r2,control,1.0,late,compatible,3,214.75073313782994,0.9932,146,1.4879837772757418
3,c4r2,control,1.0,late,compatible,4,235.10263929618765,1.0,146,1.5707963267948966
4,c4r2,control,1.0,late,compatible,5,264.4281524926686,1.0,146,1.5707963267948966
5,c4r2,control,1.0,late,compatible,6,333.36265884653,1.0,146,1.5707963267948966
6,c4r2,control,1.0,late,compatible,7,522.6686217008796,0.9795,146,1.427027143376061
0,c4r2,control,1.0,late,incompatible,1,181.5568862275449,0.9581,143,1.3646060999993954
1,c4r2,control,1.0,late,incompatible,2,207.93413173652695,0.993,143,1.4871178659315016
2,c4r2,control,1.0,late,incompatible,3,235.52894211576853,0.9441,143,1.332129456319238
3,c4r2,control,1.0,late,incompatible,4,268.3233532934131,0.9092,143,1.2646762404232939
4,c4r2,control,1.0,late,incompatible,5,315.86826347305384,0.9162,143,1.2770504037989148
5,c4r2,control,1.0,late,incompatible,6,401.0179640718565,0.9022,143,1.2527238861844814
6,c4r2,control,1.0,late,incompatible,7,607.2754491017963,0.7834,143,1.0867475134410027
0,c2r1,control,1.0,early,compatible,1,223.02596239928383,0.9812,159,1.4332470224289122
1,c2r1,control,1.0,early,compatible,2,289.6508504923903,0.9812,159,1.4332470224289122
2,c2r1,control,1.0,early,compatible,3,380.734109221128,0.9875,159,1.458603646150555
3,c2r1,control,1.0,early,compatible,4,442.14861235452116,1.0,159,1.5707963267948966
4,c2r1,control,1.0,early,compatible,5,522.4709042076992,0.9875,159,1.458603646150555
5,c2r1,control,1.0,early,compatible,6,642.6857654431512,0.9875,159,1.458603646150555
6,c2r1,control,1.0,early,compatible,7,996.4637421665172,0.906,159,1.259179179182293
0,c2r1,control,1.0,early,incompatible,1,241.7746759720837,0.9511,143,1.3479258201207003
1,c2r1,control,1.0,early,incompatible,2,339.9800598205384,0.9163,143,1.277202407324131
2,c2r1,control,1.0,early,incompatible,3,419.77068793619145,0.9093,143,1.2648355577903514
3,c2r1,control,1.0,early,incompatible,4,503.6989032901296,0.9153,143,1.2754074225311132
4,c2r1,control,1.0,early,incompatible,5,595.8823529411767,0.8684,143,1.1995529477871816
5,c2r1,control,1.0,early,incompatible,6,755.6729810568293,0.7836,143,1.0870097377117718
6,c2r1,control,1.0,early,incompatible,7,1192.6819541375876,0.679,143,0.9684208633423095
0,c2r1,control,1.0,medium,compatible,1,210.67567567567568,0.9932,148,1.4885052543729786
1,c2r1,control,1.0,medium,compatible,2,265.6081081081081,0.9932,148,1.4885052543729786
2,c2r1,control,1.0,medium,compatible,3,324.7972972972973,0.9932,148,1.4885052543729786
3,c2r1,control,1.0,medium,compatible,4,378.31081081081084,0.9932,148,1.4885052543729786
4,c2r1,control,1.0,medium,compatible,5,437.02702702702703,1.0,148,1.5707963267948966
5,c2r1,control,1.0,medium,compatible,6,536.4864864864865,0.9932,148,1.4885052543729786
6,c2r1,control,1.0,medium,compatible,7,819.4594594594595,0.9595,148,1.3680635501003011
0,c2r1,control,1.0,medium,incompatible,1,233.9568345323741,0.9209,139,1.2856339977742435
1,c2r1,control,1.0,medium,incompatible,2,310.6474820143885,0.9209,139,1.2856339977742435
2,c2r1,control,1.0,medium,incompatible,3,379.49640287769785,0.9496,139,1.344459582150094
3,c2r1,control,1.0,medium,incompatible,4,439.64028776978415,0.9209,139,1.2856339977742435
4,c2r1,control,1.0,medium,incompatible,5,518.6330935251799,0.9065,139,1.2599988830247364
5,c2r1,control,1.0,medium,incompatible,6,666.5467625899281,0.8345,139,1.1518719287915822
6,c2r1,control,1.0,medium,incompatible,7,1035.4676258992806,0.7266,139,1.0205944762676435
0,c2r1,control,1.0,late,compatible,1,228.88097660223804,1.0,140,1.5707963267948966
1,c2r1,control,1.0,late,compatible,2,295.53407934893187,0.9929,140,1.4863081903387916
2,c2r1,control,1.0,late,compatible,3,363.32655137334694,1.0,140,1.5707963267948966
3,c2r1,control,1.0,late,compatible,4,427.50762970498465,1.0,140,1.5707963267948966
4,c2r1,control,1.0,late,compatible,5,503.39776195320457,0.9858,140,1.451167488041953
5,c2r1,control,1.0,late,compatible,6,636.8565615462869,0.9929,140,1.4863081903387916
6,c2r1,control,1.0,late,compatible,7,1015.2288911495424,0.9003,140,1.2495543445734612
0,c2r1,control,1.0,late,incompatible,1,258.1609195402299,0.9356,124,1.3142851361217616
1,c2r1,control,1.0,late,incompatible,2,335.24137931034477,0.9356,124,1.3142851361217616
2,c2r1,control,1.0,late,incompatible,3,401.55172413793093,0.9759,124,1.4147985364351259
3,c2r1,control,1.0,late,incompatible,4,481.11494252873575,0.9437,124,1.3311879911776254
4,c2r1,control,1.0,late,incompatible,5,573.5172413793103,0.8839,124,1.2231113167900725
5,c2r1,control,1.0,late,incompatible,6,722.1379310344823,0.8667,124,1.1970032310994592
6,c2r1,control,1.0,late,incompatible,7,1088.8965517241384,0.7828,124,1.0859272950147483
0,c5r2,control,1.0,early,compatible,1,242.99298519095868,1.0,183,1.5707963267948966
1,c5r2,control,1.0,early,compatible,2,304.1543257989088,1.0,183,1.5707963267948966
2,c5r2,control,1.0,early,compatible,3,376.5003897116135,1.0,183,1.5707963267948966
3,c5r2,control,1.0,early,compatible,4,443.8815276695245,1.0,183,1.5707963267948966
4,c5r2,control,1.0,early,compatible,5,518.9789555728762,1.0,183,1.5707963267948966
5,c5r2,control,1.0,early,compatible,6,615.5183164458304,1.0,183,1.5707963267948966
6,c5r2,control,1.0,early,compatible,7,864.4660950896335,0.9945,183,1.4968606131277205
0,c5r2,control,1.0,early,incompatible,1,298.03921568627453,0.8758,153,1.2106662697016994
1,c5r2,control,1.0,early,incompatible,2,442.7450980392157,0.8758,153,1.2106662697016994
2,c5r2,control,1.0,early,incompatible,3,533.1372549019608,0.8366,153,1.154663527081354
3,c5r2,control,1.0,early,incompatible,4,614.3790849673203,0.7974,153,1.1038897742570537
4,c5r2,control,1.0,early,incompatible,5,713.4640522875817,0.6863,153,0.9762755276170451
5,c5r2,control,1.0,early,incompatible,6,849.5424836601308,0.634,153,0.921042904795116
6,c5r2,control,1.0,early,incompatible,7,1232.81045751634,0.451,153,0.7363000422430945
0,c5r2,control,1.0,medium,compatible,1,231.87206020696144,1.0,151,1.5707963267948966
1,c5r2,control,1.0,medium,compatible,2,292.0319849482596,1.0,151,1.5707963267948966
2,c5r2,control,1.0,medium,compatible,3,371.0442144873,1.0,151,1.5707963267948966
3,c5r2,control,1.0,medium,compatible,4,442.13546566321736,1.0,151,1.5707963267948966
4,c5r2,control,1.0,medium,compatible,5,526.6792097836314,1.0,151,1.5707963267948966
5,c5r2,control,1.0,medium,compatible,6,649.1533396048915,1.0,151,1.5707963267948966
6,c5r2,control,1.0,medium,compatible,7,953.9604891815618,0.9868,151,1.455780777813449
0,c5r2,control,1.0,medium,incompatible,1,270.4125950054289,0.9544,131,1.3555930245221517
1,c5r2,control,1.0,medium,incompatible,2,374.78827361563515,0.9696,131,1.3955406998466766
2,c5r2,control,1.0,medium,incompatible,3,451.085776330076,0.9848,131,1.4471862737473122
3,c5r2,control,1.0,medium,incompatible,4,532.6058631921826,0.9544,131,1.3555930245221517
4,c5r2,control,1.0,medium,incompatible,5,632.6275787187838,0.9544,131,1.3555930245221517
5,c5r2,control,1.0,medium,incompatible,6,750.5754614549402,0.924,131,1.2914903352245535
6,c5r2,control,1.0,medium,incompatible,7,1079.5982627578717,0.7264,131,1.020332511428378
0,c5r2,control,1.0,late,compatible,1,240.8348134991119,1.0,160,1.5707963267948966
1,c5r2,control,1.0,late,compatible,2,307.24689165186504,1.0,160,1.5707963267948966
2,c5r2,control,1.0,late,compatible,3,375.9058614564831,1.0,160,1.5707963267948966
3,c5r2,control,1.0,late,compatible,4,448.53463587921857,1.0,160,1.5707963267948966
4,c5r2,control,1.0,late,compatible,5,524.5825932504441,1.0,160,1.5707963267948966
5,c5r2,control,1.0,late,compatible,6,633.7122557726461,1.0,160,1.5707963267948966
6,c5r2,control,1.0,late,compatible,7,913.7921847246894,1.0,160,1.5707963267948966
0,c5r2,control,1.0,late,incompatible,1,288.6573146292585,0.986,142,1.4520758697877558
1,c5r2,control,1.0,late,incompatible,2,383.14629258517033,0.979,142,1.4252236764937072
2,c5r2,control,1.0,late,incompatible,3,455.35070140280556,0.9649,142,1.3824115326106314
3,c5r2,control,1.0,late,incompatible,4,527.244488977956,0.9649,142,1.3824115326106314
4,c5r2,control,1.0,late,incompatible,5,611.3126252505009,0.979,142,1.4252236764937072
5,c5r2,control,1.0,late,incompatible,6,723.5771543086171,0.9088,142,1.2640430840135912
6,c5r2,control,1.0,late,incompatible,7,1046.6533066132263,0.7966,142,1.1029043470526396
0,c7r1,control,1.0,early,compatible,1,205.45164718384697,0.9926,134,1.4844445329768818
1,c7r1,control,1.0,early,compatible,2,243.95324123273113,0.9926,134,1.4844445329768818
2,c7r1,control,1.0,early,compatible,3,281.00956429330506,1.0,134,1.5707963267948966
3,c7r1,control,1.0,early,compatible,4,343.645058448459,0.9926,134,1.4844445329768818
4,c7r1,control,1.0,early,compatible,5,395.65356004250805,1.0,134,1.5707963267948966
5,c7r1,control,1.0,early,compatible,6,483.6981934112647,0.9926,134,1.4844445329768818
6,c7r1,control,1.0,early,compatible,7,687.9914984059512,0.9479,134,1.3405753785245875
0,c7r1,control,1.0,early,incompatible,1,223.02816901408448,0.8955,121,1.2416851909536795
1,c7r1,control,1.0,early,incompatible,2,281.2089201877934,0.8826,121,1.2211181013379644
2,c7r1,control,1.0,early,incompatible,3,345.00000000000017,0.8768,121,1.2120992060527007
3,c7r1,control,1.0,early,incompatible,4,416.06807511737077,0.9178,121,1.280084205882565
4,c7r1,control,1.0,early,incompatible,5,500.3051643192489,0.7782,121,1.0803845691266905
5,c7r1,control,1.0,early,incompatible,6,640.6924882629113,0.8439,121,1.1646218563820596
6,c7r1,control,1.0,early,incompatible,7,959.6948356807509,0.7535,121,1.0512731399394815
0,c7r1,control,1.0,medium,compatible,1,212.24917309812568,0.9923,129,1.4828361816846294
1,c7r1,control,1.0,medium,compatible,2,250.17640573318633,1.0,129,1.5707963267948966
2,c7r1,control,1.0,medium,compatible,3,283.1422271223814,1.0,129,1.5707963267948966
3,c7r1,control,1.0,medium,compatible,4,344.70782800441026,1.0,129,1.5707963267948966
4,c7r1,control,1.0,medium,compatible,5,417.960308710033,1.0,129,1.5707963267948966
5,c7r1,control,1.0,medium,compatible,6,520.9040793825799,0.9691,129,1.394175235824596
6,c7r1,control,1.0,medium,compatible,7,734.2778390297683,0.9228,129,1.289286161971693
0,c7r1,control,1.0,medium,incompatible,1,230.42131350681538,0.948,115,1.340636738226478
1,c7r1,control,1.0,medium,incompatible,2,289.2193308550186,0.8959,115,1.2422921622419731
2,c7r1,control,1.0,medium,incompatible,3,349.6282527881039,0.8872,115,1.228338007762761
3,c7r1,control,1.0,medium,incompatible,4,428.95910780669163,0.8439,115,1.1645788312287755
4,c7r1,control,1.0,medium,incompatible,5,529.814126394052,0.8612,115,1.1890514186434293
5,c7r1,control,1.0,medium,incompatible,6,675.9975216852536,0.8352,115,1.152760276789087
6,c7r1,control,1.0,medium,incompatible,7,1022.5030978934328,0.6791,115,0.9685232356881525
0,c7r1,control,1.0,late,compatible,1,198.9859437751004,1.0,142,1.5707963267948966
1,c7r1,control,1.0,late,compatible,2,232.66064257028117,0.993,142,1.4868669873804605
2,c7r1,control,1.0,late,compatible,3,256.2048192771084,0.993,142,1.4868669873804605
3,c7r1,control,1.0,late,compatible,4,285.7128514056225,0.993,142,1.4868669873804605
4,c7r1,control,1.0,late,compatible,5,340.71285140562264,0.993,142,1.4868669873804605
5,c7r1,control,1.0,late,compatible,6,420.91365461847374,0.9578,142,1.3639769551286793
6,c7r1,control,1.0,late,compatible,7,620.7028112449801,0.9227,142,1.2890378943844114
0,c7r1,control,1.0,late,incompatible,1,209.37993235625703,0.9526,126,1.3514413064416382
1,c7r1,control,1.0,late,incompatible,2,253.1228861330327,0.9448,126,1.3335378881184416
2,c7r1,control,1.0,late,incompatible,3,287.32807215332593,0.9211,126,1.286039520498914
3,c7r1,control,1.0,late,incompatible,4,333.303269447576,0.9526,126,1.3514413064416382
4,c7r1,control,1.0,late,incompatible,5,399.0755355129651,0.9132,126,1.2717232390801236
5,c7r1,control,1.0,late,incompatible,6,507.373167981962,0.832,126,1.1484995547958747
6,c7r1,control,1.0,late,incompatible,7,818.3089064261553,0.7813,126,1.0841431164015602
0,c8r2,control,1.0,early,compatible,1,218.72824631860775,1.0,106,1.5707963267948966
1,c8r2,control,1.0,early,compatible,2,256.144578313253,1.0,106,1.5707963267948966
2,c8r2,control,1.0,early,compatible,3,293.49397590361457,1.0,106,1.5707963267948966
3,c8r2,control,1.0,early,compatible,4,341.67336010709494,1.0,106,1.5707963267948966
4,c8r2,control,1.0,early,compatible,5,397.49665327978585,1.0,106,1.5707963267948966
5,c8r2,control,1.0,early,compatible,6,477.87148594377544,1.0,106,1.5707963267948966
6,c8r2,control,1.0,early,compatible,7,645.2610441767066,0.9813,106,1.4334659884960377
0,c8r2,control,1.0,early,incompatible,1,258.3356070941337,0.7326,104,1.0273350885175316
1,c8r2,control,1.0,early,incompatible,2,334.8840381991814,0.704,104,0.9954814134886778
2,c8r2,control,1.0,early,incompatible,3,406.97135061391555,0.8554,104,1.1806988607418816
3,c8r2,control,1.0,early,incompatible,4,490.0818553888129,0.8022,104,1.1098837775952557
4,c8r2,control,1.0,early,incompatible,5,583.6152796725785,0.779,104,1.0813727676671436
5,c8r2,control,1.0,early,incompatible,6,709.4133697135067,0.7517,104,1.049168107759269
6,c8r2,control,1.0,early,incompatible,7,1087.039563437926,0.6276,104,0.914382680058516
0,c8r2,control,1.0,medium,compatible,1,206.2684365781711,1.0,96,1.5707963267948966
1,c8r2,control,1.0,medium,compatible,2,235.29498525073745,1.0,96,1.5707963267948966
2,c8r2,control,1.0,medium,compatible,3,259.9262536873156,1.0,96,1.5707963267948966
3,c8r2,control,1.0,medium,compatible,4,293.6578171091446,1.0,96,1.5707963267948966
4,c8r2,control,1.0,medium,compatible,5,348.702064896755,1.0,96,1.5707963267948966
5,c8r2,control,1.0,medium,compatible,6,441.78466076696157,1.0,96,1.5707963267948966
6,c8r2,control,1.0,medium,compatible,7,609.6460176991152,0.9897,96,1.4690076109561123
0,c8r2,control,1.0,medium,incompatible,1,228.30400000000003,0.8992,89,1.247716162386864
1,c8r2,control,1.0,medium,incompatible,2,278.848,0.8768,89,1.2121590305847225
2,c8r2,control,1.0,medium,incompatible,3,329.4719999999998,0.944,89,1.3318884665598825
3,c8r2,control,1.0,medium,incompatible,4,399.64800000000014,0.888,89,1.229549104970484
4,c8r2,control,1.0,medium,incompatible,5,482.832,0.9216,89,1.2870022175865685
5,c8r2,control,1.0,medium,incompatible,6,607.4719999999994,0.9104,89,1.2668037807375072
6,c8r2,control,1.0,medium,incompatible,7,947.5200000000002,0.7872,89,1.0913338247463464
0,c8r2,control,1.0,late,compatible,1,202.90012033694344,1.0,118,1.5707963267948966
1,c8r2,control,1.0,late,compatible,2,234.42839951865224,1.0,118,1.5707963267948966
2,c8r2,control,1.0,late,compatible,3,262.16606498194955,1.0,118,1.5707963267948966
3,c8r2,control,1.0,late,compatible,4,290.99879663056544,1.0,118,1.5707963267948966
4,c8r2,control,1.0,late,compatible,5,327.03971119133575,1.0,118,1.5707963267948966
5,c8r2,control,1.0,late,compatible,6,393.47773766546356,1.0,118,1.5707963267948966
6,c8r2,control,1.0,late,compatible,7,583.4055354993982,0.9916,118,1.478883620159948
0,c8r2,control,1.0,late,incompatible,1,221.09677419354838,0.9368,110,1.316621053102392
1,c8r2,control,1.0,late,incompatible,2,269.21290322580643,0.9006,110,1.250121741054496
2,c8r2,control,1.0,late,incompatible,3,308.567741935484,0.991,110,1.4756184066739217
3,c8r2,control,1.0,late,incompatible,4,363.7032258064515,0.9832,110,1.4409129089181996
4,c8r2,control,1.0,late,incompatible,5,424.14193548387107,0.9897,110,1.4690174526872664
5,c8r2,control,1.0,late,incompatible,6,513.6258064516132,0.9639,110,1.3795547738324232
6,c8r2,control,1.0,late,incompatible,7,805.9612903225803,0.8826,110,1.2210451362889412
0,c9r1,test2,1.0,early,compatible,1,226.39791937581273,0.9909,109,1.4752403446003601
1,c9r1,test2,1.0,early,compatible,2,294.26527958387516,1.0,109,1.5707963267948966
2,c9r1,test2,1.0,early,compatible,3,342.2886866059817,1.0,109,1.5707963267948966
3,c9r1,test2,1.0,early,compatible,4,391.58647594278295,1.0,109,1.5707963267948966
4,c9r1,test2,1.0,early,compatible,5,449.921976592978,0.9909,109,1.4752403446003601
5,c9r1,test2,1.0,early,compatible,6,538.4395318595574,0.9909,109,1.4752403446003601
6,c9r1,test2,1.0,early,compatible,7,762.7308192457739,0.8908,109,1.233960030210754
0,c9r1,test2,1.0,early,incompatible,1,229.21167883211677,0.9387,97,1.320576450403639
1,c9r1,test2,1.0,early,incompatible,2,317.06569343065695,0.9489,97,1.3427856982760344
2,c9r1,test2,1.0,early,incompatible,3,380.2189781021897,0.9182,97,1.2808282376331204
3,c9r1,test2,1.0,early,incompatible,4,435.9562043795621,0.9182,97,1.2808282376331204
4,c9r1,test2,1.0,early,incompatible,5,530.0145985401458,0.8336,97,1.150588066011426
5,c9r1,test2,1.0,early,incompatible,6,686.2335766423356,0.7679,97,1.0681048041012748
6,c9r1,test2,1.0,early,incompatible,7,979.6496350364966,0.673,97,0.9620420220662405
0,c9r1,test2,1.0,medium,compatible,1,205.2743561030235,0.9922,127,1.4821445031651697
1,c9r1,test2,1.0,medium,compatible,2,252.57558790593507,1.0,127,1.5707963267948966
2,c9r1,test2,1.0,medium,compatible,3,283.6506159014558,1.0,127,1.5707963267948966
3,c9r1,test2,1.0,medium,compatible,4,321.95968645016796,1.0,127,1.5707963267948966
4,c9r1,test2,1.0,medium,compatible,5,367.290033594625,0.9922,127,1.4821445031651697
5,c9r1,test2,1.0,medium,compatible,6,445.72228443449046,0.9922,127,1.4821445031651697
6,c9r1,test2,1.0,medium,compatible,7,637.2564389697648,0.9451,127,1.3343518902209486
0,c9r1,test2,1.0,medium,incompatible,1,202.9875,0.9562,114,1.3600736011828594
1,c9r1,test2,1.0,medium,incompatible,2,267.725,0.9738,114,1.4080622138303425
2,c9r1,test2,1.0,medium,incompatible,3,316.8749999999999,0.9562,114,1.3600736011828594
3,c9r1,test2,1.0,medium,incompatible,4,372.20000000000016,0.9463,114,1.3368278205155901
4,c9r1,test2,1.0,medium,incompatible,5,445.87499999999994,0.9275,114,1.298173530400161
5,c9r1,test2,1.0,medium,incompatible,6,575.2249999999996,0.8112,114,1.1213642864917868
6,c9r1,test2,1.0,medium,incompatible,7,884.3250000000003,0.7375,114,1.0328797852541651
0,c9r1,test2,1.0,late,compatible,1,209.2300194931774,1.0,146,1.5707963267948966
1,c9r1,test2,1.0,late,compatible,2,252.58284600389862,0.9932,146,1.4881047582207279
2,c9r1,test2,1.0,late,compatible,3,282.9044834307992,1.0,146,1.5707963267948966
3,c9r1,test2,1.0,late,compatible,4,313.5672514619884,0.9932,146,1.4881047582207279
4,c9r1,test2,1.0,late,compatible,5,356.62768031189074,0.9932,146,1.4881047582207279
5,c9r1,test2,1.0,late,compatible,6,426.68615984405454,0.9932,146,1.4881047582207279
6,c9r1,test2,1.0,late,compatible,7,626.6179337231968,0.9727,146,1.404835003602121
0,c9r1,test2,1.0,late,incompatible,1,213.5846994535519,0.9617,130,1.3739487664774246
1,c9r1,test2,1.0,late,incompatible,2,276.78688524590166,0.977,130,1.4187156143229172
2,c9r1,test2,1.0,late,incompatible,3,326.983606557377,0.9541,130,1.3548777217175516
3,c9r1,test2,1.0,late,incompatible,4,381.6065573770492,0.9388,130,1.3208107905517195
4,c9r1,test2,1.0,late,incompatible,5,450.2841530054643,0.9158,130,1.2764741750805588
5,c9r1,test2,1.0,late,incompatible,6,553.0054644808746,0.8776,130,1.2133718240255307
6,c9r1,test2,1.0,late,incompatible,7,830.4699453551909,0.8164,130,1.1279718505084633
0,c10r1,test1,1.0,early,compatible,1,191.84931506849315,1.0,146,1.5707963267948966
1,c10r1,test1,1.0,early,compatible,2,217.67123287671234,1.0,146,1.5707963267948966
2,c10r1,test1,1.0,early,compatible,3,246.7123287671233,0.9932,146,1.4879354342434472
3,c10r1,test1,1.0,early,compatible,4,297.8767123287671,0.9932,146,1.4879354342434472
4,c10r1,test1,1.0,early,compatible,5,350.2054794520548,1.0,146,1.5707963267948966
5,c10r1,test1,1.0,early,compatible,6,415.8904109589041,0.9932,146,1.4879354342434472
6,c10r1,test1,1.0,early,compatible,7,587.3287671232877,0.9726,146,1.4045084464387543
0,c10r1,test1,1.0,early,incompatible,1,217.6020942408377,0.777,136,1.0789342756168963
1,c10r1,test1,1.0,early,incompatible,2,290.65968586387436,0.6953,136,0.9860262005427204
2,c10r1,test1,1.0,early,incompatible,3,379.7277486910995,0.8901,136,1.2328151639204372
3,c10r1,test1,1.0,early,incompatible,4,448.75392670157055,0.7288,136,1.023039779994757
4,c10r1,test1,1.0,early,incompatible,5,543.2565445026179,0.6702,136,0.9590232639770302
5,c10r1,test1,1.0,early,incompatible,6,685.9685863874347,0.6073,136,0.8935703321826691
6,c10r1,test1,1.0,early,incompatible,7,1076.230366492147,0.3812,136,0.6654014617715099
0,c10r1,test1,1.0,medium,compatible,1,190.58541266794626,1.0,148,1.5707963267948966
1,c10r1,test1,1.0,medium,compatible,2,218.2245681381958,1.0,148,1.5707963267948966
2,c10r1,test1,1.0,medium,compatible,3,244.96161228406908,1.0,148,1.5707963267948966
3,c10r1,test1,1.0,medium,compatible,4,286.41074856046066,1.0,148,1.5707963267948966
4,c10r1,test1,1.0,medium,compatible,5,339.8752399232247,1.0,148,1.5707963267948966
5,c10r1,test1,1.0,medium,compatible,6,407.7063339731283,1.0,148,1.5707963267948966
6,c10r1,test1,1.0,medium,compatible,7,572.0537428023033,0.9798,148,1.428352356140424
0,c10r1,test1,1.0,medium,incompatible,1,215.4182879377432,0.9523,146,1.3506980604890937
1,c10r1,test1,1.0,medium,incompatible,2,265.9630350194552,0.9047,146,1.256910571568557
2,c10r1,test1,1.0,medium,incompatible,3,330.8073929961089,0.9484,146,1.3417395696289727
3,c10r1,test1,1.0,medium,incompatible,4,385.3696498054475,0.9154,146,1.2756170361231869
4,c10r1,test1,1.0,medium,incompatible,5,453.1322957198445,0.9251,146,1.2935763548705874
5,c10r1,test1,1.0,medium,incompatible,6,570.3307392996105,0.8979,146,1.2454966674275736
6,c10r1,test1,1.0,medium,incompatible,7,870.6906614785994,0.7276,146,1.0217258430990461
0,c10r1,test1,1.0,late,compatible,1,184.38743455497382,1.0,136,1.5707963267948966
1,c10r1,test1,1.0,late,compatible,2,209.06806282722513,0.9927,136,1.4850729406377743
2,c10r1,test1,1.0,late,compatible,3,232.52356020942412,0.9927,136,1.4850729406377743
3,c10r1,test1,1.0,late,compatible,4,264.59685863874336,1.0,136,1.5707963267948966
4,c10r1,test1,1.0,late,compatible,5,309.0157068062828,1.0,136,1.5707963267948966
5,c10r1,test1,1.0,late,compatible,6,372.03141361256553,1.0,136,1.5707963267948966
6,c10r1,test1,1.0,late,compatible,7,544.7958115183247,0.9853,136,1.4494205578132227
0,c10r1,test1,1.0,late,incompatible,1,200.54313099041534,0.9776,134,1.4206887758161448
1,c10r1,test1,1.0,late,incompatible,2,236.3897763578275,0.9627,134,1.3765115244370265
2,c10r1,test1,1.0,late,incompatible,3,266.6773162939297,0.9627,134,1.3765115244370265
3,c10r1,test1,1.0,late,incompatible,4,313.09904153354626,0.9404,134,1.3240939617007774
4,c10r1,test1,1.0,late,incompatible,5,373.7699680511181,0.9702,134,1.397246555991191
5,c10r1,test1,1.0,late,incompatible,6,472.6304579339726,0.9404,134,1.3240939617007774
6,c10r1,test1,1.0,late,incompatible,7,735.5378061767838,0.836,134,1.1538454359617762
0,c10r2,test2,1.0,early,compatible,1,218.09464508094646,0.9738,114,1.4083649306753472
1,c10r2,test2,1.0,early,compatible,2,261.9676214196762,1.0,114,1.5707963267948966
2,c10r2,test2,1.0,early,compatible,3,296.52552926525533,0.9913,114,1.4772956999182745
3,c10r2,test2,1.0,early,compatible,4,342.3412204234121,0.9826,114,1.4383666636336798
4,c10r2,test2,1.0,early,compatible,5,395.0560398505604,0.9913,114,1.4772956999182745
5,c10r2,test2,1.0,early,compatible,6,470.7845579078459,0.9738,114,1.4083649306753472
6,c10r2,test2,1.0,early,compatible,7,658.2316313823161,0.8867,114,1.2274516861193123
0,c10r2,test2,1.0,early,incompatible,1,228.4840425531915,0.8418,107,1.1616782275662727
1,c10r2,test2,1.0,early,incompatible,2,295.4255319148936,0.8138,107,1.1246694050108217
2,c10r2,test2,1.0,early,incompatible,3,357.7393617021276,0.8324,107,1.149073292488272
3,c10r2,test2,1.0,early,incompatible,4,432.48670212765967,0.8418,107,1.1616782275662727
4,c10r2,test2,1.0,early,incompatible,5,521.8085106382977,0.7673,107,1.067399548615202
5,c10r2,test2,1.0,early,incompatible,6,637.2872340425532,0.6835,107,0.9733005209859523
6,c10r2,test2,1.0,early,incompatible,7,932.1010638297873,0.5904,107,0.8763247670778169
0,c10r2,test2,1.0,medium,compatible,1,212.7906976744186,0.9845,129,1.4459595193056125
1,c10r2,test2,1.0,medium,compatible,2,254.65116279069767,1.0,129,1.5707963267948966
2,c10r2,test2,1.0,medium,compatible,3,285.5813953488372,1.0,129,1.5707963267948966
3,c10r2,test2,1.0,medium,compatible,4,322.7906976744186,1.0,129,1.5707963267948966
4,c10r2,test2,1.0,medium,compatible,5,377.3643410852713,0.9767,129,1.4177024289352327
5,c10r2,test2,1.0,medium,compatible,6,448.4496124031008,0.9845,129,1.4459595193056125
6,c10r2,test2,1.0,medium,compatible,7,603.2558139534884,0.969,129,1.393782961515352
0,c10r2,test2,1.0,medium,incompatible,1,222.92161520190027,0.8337,120,1.1507940207598866
1,c10r2,test2,1.0,medium,incompatible,2,277.3990498812351,0.7672,120,1.0673207820527393
2,c10r2,test2,1.0,medium,incompatible,3,327.5296912114013,0.7435,120,1.03968751716531
3,c10r2,test2,1.0,medium,incompatible,4,416.080760095012,0.7648,120,1.0645173906072904
4,c10r2,test2,1.0,medium,incompatible,5,524.3467933491686,0.8266,120,1.141303359603205
5,c10r2,test2,1.0,medium,incompatible,6,651.2232779097384,0.6449,120,0.9323992743862259
6,c10r2,test2,1.0,medium,incompatible,7,931.1045130641332,0.5986,120,0.8846227127506991
0,c10r2,test2,1.0,late,compatible,1,204.80968858131487,0.9758,123,1.414528438682837
1,c10r2,test2,1.0,late,compatible,2,245.02883506343713,1.0,123,1.5707963267948966
2,c10r2,test2,1.0,late,compatible,3,268.97347174163775,0.9919,123,1.4808215531133235
3,c10r2,test2,1.0,late,compatible,4,293.6678200692042,0.9919,123,1.4808215531133235
4,c10r2,test2,1.0,late,compatible,5,333.367935409458,0.9758,123,1.414528438682837
5,c10r2,test2,1.0,late,compatible,6,398.05074971164913,1.0,123,1.5707963267948966
6,c10r2,test2,1.0,late,compatible,7,552.2952710495964,0.9354,123,1.313832249110137
0,c10r2,test2,1.0,late,incompatible,1,205.89743589743588,0.8632,117,1.1920015420134937
1,c10r2,test2,1.0,late,incompatible,2,245.47008547008548,0.9231,117,1.2897617035307238
2,c10r2,test2,1.0,late,incompatible,3,286.2393162393162,0.8803,117,1.2175800446485034
3,c10r2,test2,1.0,late,incompatible,4,344.017094017094,0.8889,117,1.2309592925946067
4,c10r2,test2,1.0,late,incompatible,5,436.0683760683761,0.8034,117,1.1114353326408433
5,c10r2,test2,1.0,late,incompatible,6,553.7606837606837,0.812,117,1.1222789443678278
6,c10r2,test2,1.0,late,incompatible,7,858.2051282051282,0.7265,117,1.0204567873713422
0,c13r1,test1,1.0,early,compatible,1,226.86356073211317,0.9942,171,1.4944102249303552
1,c13r1,test1,1.0,early,compatible,2,280.7071547420965,1.0,171,1.5707963267948966
2,c13r1,test1,1.0,early,compatible,3,362.8119800332778,1.0,171,1.5707963267948966
3,c13r1,test1,1.0,early,compatible,4,441.5723793677206,0.9942,171,1.4944102249303552
4,c13r1,test1,1.0,early,compatible,5,543.7354409317802,0.9884,171,1.4626603467789079
5,c13r1,test1,1.0,early,compatible,6,700.0166389351078,0.9767,171,1.417571334132538
6,c13r1,test1,1.0,early,compatible,7,1199.3677204658904,0.9651,171,1.382764286563486
0,c13r1,test1,1.0,early,incompatible,1,247.23237597911228,0.933,164,1.3089435236410945
1,c13r1,test1,1.0,early,incompatible,2,347.0931244560487,0.9574,164,1.3627920741977293
2,c13r1,test1,1.0,early,incompatible,3,441.84508268059193,0.9574,164,1.3627920741977293
3,c13r1,test1,1.0,early,incompatible,4,541.5230635335072,0.9269,164,1.297006087139811
4,c13r1,test1,1.0,early,incompatible,5,657.6240208877283,0.8721,164,1.2050105770186197
5,c13r1,test1,1.0,early,incompatible,6,839.3211488250657,0.8111,164,1.1212239008164404
6,c13r1,test1,1.0,early,incompatible,7,1404.386422976501,0.7137,164,1.0061651186953129
0,c13r1,test1,1.0,medium,compatible,1,219.3125,1.0,160,1.5707963267948966
1,c13r1,test1,1.0,medium,compatible,2,279.4375,1.0,160,1.5707963267948966
2,c13r1,test1,1.0,medium,compatible,3,371.0,0.9938,160,1.491655513292672
3,c13r1,test1,1.0,medium,compatible,4,465.375,1.0,160,1.5707963267948966
4,c13r1,test1,1.0,medium,compatible,5,599.1875,0.9938,160,1.491655513292672
5,c13r1,test1,1.0,medium,compatible,6,807.0,0.9875,160,1.458755591994354
6,c13r1,test1,1.0,medium,compatible,7,1453.5625,0.9062,160,1.2596132640456683
0,c13r1,test1,1.0,medium,incompatible,1,244.63576158940398,0.9735,151,1.4073109243150093
1,c13r1,test1,1.0,medium,incompatible,2,356.55629139072846,0.9801,151,1.4293703196398964
2,c13r1,test1,1.0,medium,incompatible,3,464.8344370860927,0.9603,151,1.3701150419548966
3,c13r1,test1,1.0,medium,incompatible,4,588.2119205298013,0.9536,151,1.3537882188396684
4,c13r1,test1,1.0,medium,incompatible,5,730.9933774834437,0.9205,151,1.2850161212704734
5,c13r1,test1,1.0,medium,incompatible,6,973.6423841059602,0.8609,151,1.188638253196079
6,c13r1,test1,1.0,medium,incompatible,7,1556.4900662251655,0.7881,151,1.0924079834890816
0,c13r1,test1,1.0,late,compatible,1,214.51977401129943,1.0,177,1.5707963267948966
1,c13r1,test1,1.0,late,compatible,2,274.5762711864407,1.0,177,1.5707963267948966
2,c13r1,test1,1.0,late,compatible,3,382.2598870056497,1.0,177,1.5707963267948966
3,c13r1,test1,1.0,late,compatible,4,504.3502824858757,1.0,177,1.5707963267948966
4,c13r1,test1,1.0,late,compatible,5,662.542372881356,0.9944,177,1.4955589041823418
5,c13r1,test1,1.0,late,compatible,6,910.9604519774011,0.9774,177,1.4198951082459836
6,c13r1,test1,1.0,late,compatible,7,1536.045197740113,0.9209,177,1.285708657165809
0,c13r1,test1,1.0,late,incompatible,1,241.6262975778547,0.9455,165,1.3351729351395614
1,c13r1,test1,1.0,late,incompatible,2,362.7768166089965,0.9879,165,1.460522495885181
2,c13r1,test1,1.0,late,incompatible,3,494.13494809688586,0.9758,165,1.414528438682837
3,c13r1,test1,1.0,late,incompatible,4,623.6332179930796,0.9637,165,1.379013647099601
4,c13r1,test1,1.0,late,incompatible,5,782.2577854671279,0.9516,165,1.3488824606531509
5,c13r1,test1,1.0,late,incompatible,6,998.391003460208,0.8971,165,1.2441756943970237
6,c13r1,test1,1.0,late,incompatible,7,1586.470588235294,0.8971,165,1.2441756943970237
0,c11r2,test2,1.0,early,compatible,1,204.53846153846155,1.0,130,1.5707963267948966
1,c11r2,test2,1.0,early,compatible,2,226.69230769230768,1.0,130,1.5707963267948966
2,c11r2,test2,1.0,early,compatible,3,245.84615384615384,1.0,130,1.5707963267948966
3,c11r2,test2,1.0,early,compatible,4,272.15384615384613,1.0,130,1.5707963267948966
4,c11r2,test2,1.0,early,compatible,5,309.0769230769231,1.0,130,1.5707963267948966
5,c11r2,test2,1.0,early,compatible,6,366.3076923076923,0.9923,130,1.4829728891483236
6,c11r2,test2,1.0,early,compatible,7,479.7692307692308,0.9923,130,1.4829728891483236
0,c11r2,test2,1.0,early,incompatible,1,213.17977528089887,0.882,127,1.2201794254646554
1,c11r2,test2,1.0,early,incompatible,2,254.40449438202245,0.764,127,1.06357372013274
2,c11r2,test2,1.0,early,incompatible,3,323.35955056179785,0.7213,127,1.0146995689040446
3,c11r2,test2,1.0,early,incompatible,4,435.86516853932574,0.7517,127,1.049146032794802
4,c11r2,test2,1.0,early,incompatible,5,561.8089887640449,0.7326,127,1.0273099489153321
5,c11r2,test2,1.0,early,incompatible,6,718.5056179775286,0.6472,127,0.9348028648602714
6,c11r2,test2,1.0,early,incompatible,7,1209.1685393258426,0.2202,127,0.48847637723494847
0,c11r2,test2,1.0,medium,compatible,1,194.77933261571582,1.0,132,1.5707963267948966
1,c11r2,test2,1.0,medium,compatible,2,222.1205597416577,1.0,132,1.5707963267948966
2,c11r2,test2,1.0,medium,compatible,3,238.38536060279873,1.0,132,1.5707963267948966
3,c11r2,test2,1.0,medium,compatible,4,260.2260495156082,1.0,132,1.5707963267948966
4,c11r2,test2,1.0,medium,compatible,5,292.626480086114,1.0,132,1.5707963267948966
5,c11r2,test2,1.0,medium,compatible,6,336.8030139935416,0.9925,132,1.483878233189366
6,c11r2,test2,1.0,medium,compatible,7,465.31754574811606,0.9699,132,1.396305140274883
0,c11r2,test2,1.0,medium,incompatible,1,203.66666666666669,0.9533,128,1.3530556064436503
1,c11r2,test2,1.0,medium,incompatible,2,238.46666666666667,0.9767,128,1.4174403505172186
2,c11r2,test2,1.0,medium,incompatible,3,271.97777777777776,0.9611,128,1.372293897025597
3,c11r2,test2,1.0,medium,incompatible,4,326.8111111111112,0.9433,128,1.3304391036556993
4,c11r2,test2,1.0,medium,incompatible,5,398.4888888888888,0.8778,128,1.2136491786624508
5,c11r2,test2,1.0,medium,incompatible,6,505.0555555555555,0.9222,128,1.2881616652498895
6,c11r2,test2,1.0,medium,incompatible,7,785.4555555555554,0.7511,128,1.0484821731423404
0,c11r2,test2,1.0,late,compatible,1,192.90350128095645,1.0,167,1.5707963267948966
1,c11r2,test2,1.0,late,compatible,2,216.7634500426985,1.0,167,1.5707963267948966
2,c11r2,test2,1.0,late,compatible,3,234.65414175918022,1.0,167,1.5707963267948966
3,c11r2,test2,1.0,late,compatible,4,250.597779675491,1.0,167,1.5707963267948966
4,c11r2,test2,1.0,late,compatible,5,271.73356105892407,1.0,167,1.5707963267948966
5,c11r2,test2,1.0,late,compatible,6,312.67292912040983,0.988,167,1.4612335447748706
6,c11r2,test2,1.0,late,compatible,7,444.38941076003425,0.9462,167,1.3367157004443535
0,c11r2,test2,1.0,late,incompatible,1,201.5483870967742,0.9871,155,1.4569543717221662
1,c11r2,test2,1.0,late,incompatible,2,234.96774193548387,0.9613,155,1.372755884762954
2,c11r2,test2,1.0,late,incompatible,3,258.38709677419354,0.9613,155,1.372755884762954
3,c11r2,test2,1.0,late,incompatible,4,292.96774193548384,0.9613,155,1.372755884762954
4,c11r2,test2,1.0,late,incompatible,5,348.5806451612903,0.9548,155,1.356649213330646
5,c11r2,test2,1.0,late,incompatible,6,431.35483870967744,0.9226,155,1.2888329642648866
6,c11r2,test2,1.0,late,incompatible,7,661.8064516129032,0.8839,155,1.2230526227057987
0,c15r1,control,1.0,early,compatible,1,215.6644880174292,1.0,131,1.5707963267948966
1,c15r1,control,1.0,early,compatible,2,245.31590413943357,1.0,131,1.5707963267948966
2,c15r1,control,1.0,early,compatible,3,273.21350762527237,1.0,131,1.5707963267948966
3,c15r1,control,1.0,early,compatible,4,319.38997821350756,1.0,131,1.5707963267948966
4,c15r1,control,1.0,early,compatible,5,369.18300653594764,1.0,131,1.5707963267948966
5,c15r1,control,1.0,early,compatible,6,434.45533769063206,1.0,131,1.5707963267948966
6,c15r1,control,1.0,early,compatible,7,582.7886710239651,0.9924,131,1.4833613847273448
0,c15r1,control,1.0,early,incompatible,1,234.19642857142858,0.8482,112,1.1706012243432795
1,c15r1,control,1.0,early,incompatible,2,300.89285714285717,0.7232,112,1.0167831001299665
2,c15r1,control,1.0,early,incompatible,3,402.23214285714283,0.6696,112,0.958476743146782
3,c15r1,control,1.0,early,incompatible,4,529.375,0.6071,112,0.8933788555184021
4,c15r1,control,1.0,early,incompatible,5,686.3392857142857,0.5536,112,0.8390729070972617
5,c15r1,control,1.0,early,incompatible,6,959.1071428571429,0.3482,112,0.6311789842862414
6,c15r1,control,1.0,early,incompatible,7,1823.392857142857,0.0357,112,0.19012536250196255
0,c15r1,control,1.0,medium,compatible,1,206.3758389261745,1.0,149,1.5707963267948966
1,c15r1,control,1.0,medium,compatible,2,235.7718120805369,1.0,149,1.5707963267948966
2,c15r1,control,1.0,medium,compatible,3,257.248322147651,1.0,149,1.5707963267948966
3,c15r1,control,1.0,medium,compatible,4,284.09395973154363,1.0,149,1.5707963267948966
4,c15r1,control,1.0,medium,compatible,5,327.4496644295302,1.0,149,1.5707963267948966
5,c15r1,control,1.0,medium,compatible,6,377.38255033557044,1.0,149,1.5707963267948966
6,c15r1,control,1.0,medium,compatible,7,520.3355704697987,0.9799,149,1.428422814459605
0,c15r1,control,1.0,medium,incompatible,1,215.88235294117646,0.9328,119,1.3085189372951802
1,c15r1,control,1.0,medium,incompatible,2,257.89915966386553,0.8992,119,1.2476468757871797
2,c15r1,control,1.0,medium,incompatible,3,306.0504201680672,0.8908,119,1.2339418765252164
3,c15r1,control,1.0,medium,incompatible,4,380.84033613445376,0.8739,119,1.2078447948895414
4,c15r1,control,1.0,medium,incompatible,5,470.0840336134454,0.9076,119,1.2618714662969632
5,c15r1,control,1.0,medium,incompatible,6,594.6218487394958,0.8151,119,1.126336370891966
6,c15r1,control,1.0,medium,incompatible,7,1201.9327731092437,0.4706,119,0.7559689423552681
0,c15r1,control,1.0,late,compatible,1,193.4375,1.0,160,1.5707963267948966
1,c15r1,control,1.0,late,compatible,2,220.75,1.0,160,1.5707963267948966
2,c15r1,control,1.0,late,compatible,3,238.125,1.0,160,1.5707963267948966
3,c15r1,control,1.0,late,compatible,4,258.9375,1.0,160,1.5707963267948966
4,c15r1,control,1.0,late,compatible,5,292.4375,1.0,160,1.5707963267948966
5,c15r1,control,1.0,late,compatible,6,357.125,0.9875,160,1.458755591994354
6,c15r1,control,1.0,late,compatible,7,508.25,0.9875,160,1.458755591994354
0,c15r1,control,1.0,late,incompatible,1,204.07407407407408,0.951,142,1.3474738436013665
1,c15r1,control,1.0,late,incompatible,2,243.26326326326324,0.9159,142,1.2765982993910807
2,c15r1,control,1.0,late,incompatible,3,278.0480480480481,0.9089,142,1.2642020827199845
3,c15r1,control,1.0,late,incompatible,4,325.8658658658659,0.951,142,1.3474738436013665
4,c15r1,control,1.0,late,incompatible,5,390.97097097097077,0.9369,142,1.316955334241649
5,c15r1,control,1.0,late,incompatible,6,482.792792792793,0.9159,142,1.2765982993910807
6,c15r1,control,1.0,late,incompatible,7,770.6506506506504,0.8108,142,1.1208029886268736
0,c37r2,control,3.0,early,compatible,1,212.11028632025452,0.9926,134,1.4845373422464951
1,c37r2,control,3.0,early,compatible,2,240.67868504772005,0.9926,134,1.4845373422464951
2,c37r2,control,3.0,early,compatible,3,254.6871686108165,1.0,134,1.5707963267948966
3,c37r2,control,3.0,early,compatible,4,269.7030752916225,1.0,134,1.5707963267948966
4,c37r2,control,3.0,early,compatible,5,287.9533404029691,1.0,134,1.5707963267948966
5,c37r2,control,3.0,early,compatible,6,316.93531283138935,1.0,134,1.5707963267948966
6,c37r2,control,3.0,early,compatible,7,407.99575821845156,0.9703,134,1.3976175766175258
0,c37r2,control,3.0,early,incompatible,1,216.5,0.4929,140,0.7782552738863
1,c37r2,control,3.0,early,incompatible,2,253.42857142857142,0.3714,140,0.6553654222378263
2,c37r2,control,3.0,early,incompatible,3,286.5,0.2857,140,0.5639420688914513
3,c37r2,control,3.0,early,incompatible,4,339.57142857142856,0.3429,140,0.6255460350730184
4,c37r2,control,3.0,early,incompatible,5,424.7857142857143,0.4,140,0.6847198071443585
5,c37r2,control,3.0,early,incompatible,6,545.9285714285714,0.4429,140,0.7281300084462078
6,c37r2,control,3.0,early,incompatible,7,808.5,0.1857,140,0.4455408563199753
0,c37r2,control,3.0,medium,compatible,1,203.84057971014494,1.0,138,1.5707963267948966
1,c37r2,control,3.0,medium,compatible,2,226.59420289855072,1.0,138,1.5707963267948966
2,c37r2,control,3.0,medium,compatible,3,239.20289855072463,1.0,138,1.5707963267948966
3,c37r2,control,3.0,medium,compatible,4,252.68115942028984,1.0,138,1.5707963267948966
4,c37r2,control,3.0,medium,compatible,5,265.5072463768116,1.0,138,1.5707963267948966
5,c37r2,control,3.0,medium,compatible,6,288.4782608695652,1.0,138,1.5707963267948966
6,c37r2,control,3.0,medium,compatible,7,360.7971014492754,0.9565,138,1.360739178503668
0,c37r2,control,3.0,medium,incompatible,1,210.53254437869822,0.6959,120,0.9866460473213876
1,c37r2,control,3.0,medium,incompatible,2,241.66863905325442,0.729,120,1.0232644872719652
2,c37r2,control,3.0,medium,incompatible,3,266.4378698224853,0.6142,120,0.900616526905546
3,c37r2,control,3.0,medium,incompatible,4,310.5798816568046,0.5858,120,0.8716238027193985
4,c37r2,control,3.0,medium,incompatible,5,382.42603550295854,0.7018,120,0.9930946944621696
5,c37r2,control,3.0,medium,incompatible,6,501.56213017751514,0.5195,120,0.8049298219078729
6,c37r2,control,3.0,medium,incompatible,7,765.4319526627218,0.3041,120,0.5841505662313795
0,c37r2,control,3.0,late,compatible,1,201.55405405405403,1.0,105,1.5707963267948966
1,c37r2,control,3.0,late,compatible,2,226.7027027027027,1.0,105,1.5707963267948966
2,c37r2,control,3.0,late,compatible,3,241.14864864864876,1.0,105,1.5707963267948966
3,c37r2,control,3.0,late,compatible,4,253.2027027027026,1.0,105,1.5707963267948966
4,c37r2,control,3.0,late,compatible,5,265.8243243243243,1.0,105,1.5707963267948966
5,c37r2,control,3.0,late,compatible,6,287.6081081081083,1.0,105,1.5707963267948966
6,c37r2,control,3.0,late,compatible,7,362.4999999999999,0.9716,105,1.4015322189716244
0,c37r2,control,3.0,late,incompatible,1,206.96327683615817,0.8023,101,1.109980467144441
1,c37r2,control,3.0,late,incompatible,2,239.0536723163842,0.7627,101,1.0620051708657343
2,c37r2,control,3.0,late,incompatible,3,264.95762711864415,0.7133,101,1.00573730920232
3,c37r2,control,3.0,late,incompatible,4,307.66949152542367,0.6342,101,0.9212445877590507
4,c37r2,control,3.0,late,incompatible,5,369.0960451977402,0.8319,101,1.1483702598557803
5,c37r2,control,3.0,late,incompatible,6,480.5225988700567,0.7048,101,0.9964083780821386
6,c37r2,control,3.0,late,incompatible,7,698.601694915254,0.5636,101,0.8491300975517516
0,c35r1,control,3.0,early,compatible,1,192.68324607329845,1.0,109,1.5707963267948966
1,c35r1,control,3.0,early,compatible,2,221.23036649214657,1.0,109,1.5707963267948966
2,c35r1,control,3.0,early,compatible,3,250.31413612565453,1.0,109,1.5707963267948966
3,c35r1,control,3.0,early,compatible,4,295.54973821989523,1.0,109,1.5707963267948966
4,c35r1,control,3.0,early,compatible,5,345.0392670157067,1.0,109,1.5707963267948966
5,c35r1,control,3.0,early,compatible,6,415.1570680628276,1.0,109,1.5707963267948966
6,c35r1,control,3.0,early,compatible,7,553.5602094240836,0.9908,109,1.4749264282808991
0,c35r1,control,3.0,early,incompatible,1,218.27679782903664,0.4274,105,0.7125493756604583
1,c35r1,control,3.0,early,incompatible,2,268.07327001356856,0.3704,105,0.6543227349263053
2,c35r1,control,3.0,early,incompatible,3,316.89280868385333,0.4261,105,0.7111771171584782
3,c35r1,control,3.0,early,incompatible,4,391.42469470827695,0.4763,105,0.7616438010380729
4,c35r1,control,3.0,early,incompatible,5,488.71099050203526,0.5129,105,0.7982890340086932
5,c35r1,control,3.0,early,incompatible,6,608.6702849389412,0.4654,105,0.7507714246818744
6,c35r1,control,3.0,early,incompatible,7,848.4531886024425,0.3134,105,0.5942059662351638
0,c35r1,control,3.0,medium,compatible,1,185.54545454545453,0.9909,110,1.4753032513190152
1,c35r1,control,3.0,medium,compatible,2,211.9090909090909,1.0,110,1.5707963267948966
2,c35r1,control,3.0,medium,compatible,3,234.54545454545453,0.9636,110,1.3789297238492169
3,c35r1,control,3.0,medium,compatible,4,266.0,0.9909,110,1.4753032513190152
4,c35r1,control,3.0,medium,compatible,5,300.54545454545456,0.9818,110,1.4355414865442435
5,c35r1,control,3.0,medium,compatible,6,349.90909090909093,0.9909,110,1.4753032513190152
6,c35r1,control,3.0,medium,compatible,7,471.90909090909093,0.9909,110,1.4753032513190152
0,c35r1,control,3.0,medium,incompatible,1,213.49794238683128,0.6639,104,0.9524100043472483
1,c35r1,control,3.0,medium,incompatible,2,255.82990397805213,0.808,104,1.117170323816638
2,c35r1,control,3.0,medium,incompatible,3,282.41426611796993,0.808,104,1.117170323816638
3,c35r1,control,3.0,medium,incompatible,4,322.60631001371735,0.8601,104,1.1874173371657175
4,c35r1,control,3.0,medium,incompatible,5,395.5281207133057,0.8326,104,1.1493421027973223
5,c35r1,control,3.0,medium,incompatible,6,497.4211248285327,0.7984,104,1.105095323151075
6,c35r1,control,3.0,medium,incompatible,7,699.4238683127571,0.7984,104,1.105095323151075
0,c35r1,control,3.0,late,compatible,1,190.7185628742515,0.9895,95,1.4682526243585288
1,c35r1,control,3.0,late,compatible,2,217.3053892215569,1.0,95,1.5707963267948966
2,c35r1,control,3.0,late,compatible,3,238.2335329341317,1.0,95,1.5707963267948966
3,c35r1,control,3.0,late,compatible,4,265.52395209580845,1.0,95,1.5707963267948966
4,c35r1,control,3.0,late,compatible,5,300.1796407185629,0.9895,95,1.4682526243585288
5,c35r1,control,3.0,late,compatible,6,352.5898203592813,0.979,95,1.4255135002322508
6,c35r1,control,3.0,late,compatible,7,489.55089820359285,0.9895,95,1.4682526243585288
0,c35r1,control,3.0,late,incompatible,1,212.8025477707006,0.6879,89,0.9780256588097279
1,c35r1,control,3.0,late,incompatible,2,250.06369426751593,0.828,89,1.1431851840497675
2,c35r1,control,3.0,late,incompatible,3,280.97133757961797,0.949,89,1.3431000147330394
3,c35r1,control,3.0,late,incompatible,4,313.20063694267503,0.922,89,1.2876994796562802
4,c35r1,control,3.0,late,incompatible,5,366.46496815286633,0.8885,89,1.2303957419027975
5,c35r1,control,3.0,late,incompatible,6,465.6210191082806,0.8774,89,1.213054691323125
6,c35r1,control,3.0,late,incompatible,7,714.6974522292992,0.8217,89,1.1348053756926242
0,c41r1,test1,3.0,early,compatible,1,184.25837320574163,0.9916,119,1.4791673325883532
1,c41r1,test1,3.0,early,compatible,2,205.3468899521531,0.9916,119,1.4791673325883532
2,c41r1,test1,3.0,early,compatible,3,222.02153110047843,1.0,119,1.5707963267948966
3,c41r1,test1,3.0,early,compatible,4,240.4186602870814,1.0,119,1.5707963267948966
4,c41r1,test1,3.0,early,compatible,5,259.2344497607655,0.9916,119,1.4791673325883532
5,c41r1,test1,3.0,early,compatible,6,282.03349282296654,1.0,119,1.5707963267948966
6,c41r1,test1,3.0,early,compatible,7,343.2057416267943,1.0,119,1.5707963267948966
0,c41r1,test1,3.0,early,incompatible,1,189.63083604777418,0.6308,131,0.9177754905650847
1,c41r1,test1,3.0,early,incompatible,2,221.2812160694897,0.7231,131,1.016686168786257
2,c41r1,test1,3.0,early,incompatible,3,249.3811074918566,0.7036,131,0.9950735277969541
3,c41r1,test1,3.0,early,incompatible,4,281.52008686210644,0.7644,131,1.063975305147888
4,c41r1,test1,3.0,early,incompatible,5,336.17806731813243,0.7883,131,1.0926469876910951
5,c41r1,test1,3.0,early,incompatible,6,432.4755700325732,0.5885,131,0.8743582741986757
6,c41r1,test1,3.0,early,incompatible,7,726.6123778501627,0.0651,131,0.2580938482296238
0,c41r1,test1,3.0,medium,compatible,1,179.87058823529412,1.0,121,1.5707963267948966
1,c41r1,test1,3.0,medium,compatible,2,198.12941176470588,1.0,121,1.5707963267948966
2,c41r1,test1,3.0,medium,compatible,3,213.8941176470588,0.9918,121,1.4799245441710982
3,c41r1,test1,3.0,medium,compatible,4,227.69411764705885,1.0,121,1.5707963267948966
4,c41r1,test1,3.0,medium,compatible,5,244.21176470588227,1.0,121,1.5707963267948966
5,c41r1,test1,3.0,medium,compatible,6,266.11764705882354,1.0,121,1.5707963267948966
6,c41r1,test1,3.0,medium,compatible,7,315.00000000000006,1.0,121,1.5707963267948966
0,c41r1,test1,3.0,medium,incompatible,1,186.44935972060537,0.6438,122,0.9312288772497168
1,c41r1,test1,3.0,medium,incompatible,2,216.50756693830036,0.6717,122,0.9606776046227963
2,c41r1,test1,3.0,medium,incompatible,3,235.56461001164152,0.681,122,0.9706305518596807
3,c41r1,test1,3.0,medium,incompatible,4,255.76251455180432,0.7485,122,1.0455191823651313
4,c41r1,test1,3.0,medium,incompatible,5,287.21769499417934,0.702,122,0.993318135067579
5,c41r1,test1,3.0,medium,incompatible,6,352.8521536670549,0.7031,122,0.9945906433127654
6,c41r1,test1,3.0,medium,incompatible,7,579.3364377182769,0.3073,122,0.5876142202976191
0,c41r1,test1,3.0,late,compatible,1,180.12376237623764,1.0,115,1.5707963267948966
1,c41r1,test1,3.0,late,compatible,2,201.32425742574256,1.0,115,1.5707963267948966
2,c41r1,test1,3.0,late,compatible,3,215.56930693069305,1.0,115,1.5707963267948966
3,c41r1,test1,3.0,late,compatible,4,231.47277227722773,1.0,115,1.5707963267948966
4,c41r1,test1,3.0,late,compatible,5,245.55693069306923,1.0,115,1.5707963267948966
5,c41r1,test1,3.0,late,compatible,6,268.3044554455446,1.0,115,1.5707963267948966
6,c41r1,test1,3.0,late,compatible,7,327.7722772277228,0.9827,115,1.4387838481484134
0,c41r1,test1,3.0,late,incompatible,1,187.9407806191117,0.7739,106,1.0752519852178457
1,c41r1,test1,3.0,late,incompatible,2,217.22745625841182,0.7362,106,1.031409939016777
2,c41r1,test1,3.0,late,incompatible,3,237.80619111709296,0.7887,106,1.0931623080619666
3,c41r1,test1,3.0,late,incompatible,4,260.5248990578734,0.7968,106,1.1031239041069003
4,c41r1,test1,3.0,late,incompatible,5,300.686406460296,0.7645,106,1.0640721408822778
5,c41r1,test1,3.0,late,incompatible,6,383.43203230148083,0.8116,106,1.1217787776850976
6,c41r1,test1,3.0,late,incompatible,7,615.5450874831762,0.5478,106,0.8332502732115723
0,c32r1,test1,3.0,early,compatible,1,190.62119366626067,0.9829,117,1.4398364183414856
1,c32r1,test1,3.0,early,compatible,2,215.40803897685748,0.9744,117,1.4101743487648994
2,c32r1,test1,3.0,early,compatible,3,236.4555420219244,1.0,117,1.5707963267948966
3,c32r1,test1,3.0,early,compatible,4,258.038976857491,0.9915,117,1.4783296286400587
4,c32r1,test1,3.0,early,compatible,5,292.82582216808765,0.9829,117,1.4398364183414856
5,c32r1,test1,3.0,early,compatible,6,346.4068209500607,0.9744,117,1.4101743487648994
6,c32r1,test1,3.0,early,compatible,7,498.6845310596835,0.8977,117,1.245208923804019
0,c32r1,test1,3.0,early,incompatible,1,198.9189189189189,0.6847,111,0.9745637502671123
1,c32r1,test1,3.0,early,incompatible,2,232.34234234234233,0.5856,111,0.8714078526184246
2,c32r1,test1,3.0,early,incompatible,3,260.6306306306306,0.5225,111,0.8079280291016836
3,c32r1,test1,3.0,early,incompatible,4,292.8828828828829,0.4414,111,0.7267054419725518
4,c32r1,test1,3.0,early,incompatible,5,362.52252252252254,0.4414,111,0.7267054419725518
5,c32r1,test1,3.0,early,incompatible,6,461.7117117117117,0.3604,111,0.6438761615512907
6,c32r1,test1,3.0,early,incompatible,7,661.981981981982,0.2973,111,0.5766873178460961
0,c32r1,test1,3.0,medium,compatible,1,189.74666666666667,1.0,107,1.5707963267948966
1,c32r1,test1,3.0,medium,compatible,2,216.95999999999998,1.0,107,1.5707963267948966
2,c32r1,test1,3.0,medium,compatible,3,236.8000000000001,0.9813,107,1.433743844558927
3,c32r1,test1,3.0,medium,compatible,4,263.31999999999994,1.0,107,1.5707963267948966
4,c32r1,test1,3.0,medium,compatible,5,295.38666666666654,0.9933,107,1.4890545405435838
5,c32r1,test1,3.0,medium,compatible,6,347.92000000000024,0.9787,107,1.4242137741777574
6,c32r1,test1,3.0,medium,compatible,7,493.6799999999999,0.8787,107,1.215007475512115
0,c32r1,test1,3.0,medium,incompatible,1,200.15056461731496,0.6838,113,0.9736276677716935
1,c32r1,test1,3.0,medium,incompatible,2,238.2810539523212,0.5282,113,0.8136441568083002
2,c32r1,test1,3.0,medium,incompatible,3,263.23713927227095,0.5671,113,0.8527279370413059
3,c32r1,test1,3.0,medium,incompatible,4,302.4968632371394,0.3814,113,0.6656875099850658
4,c32r1,test1,3.0,medium,incompatible,5,371.65621079046434,0.4504,113,0.7357562859727128
5,c32r1,test1,3.0,medium,incompatible,6,470.7653701380172,0.3488,113,0.6318021658215727
6,c32r1,test1,3.0,medium,incompatible,7,683.2496863237141,0.2898,113,0.5684957391555805
0,c32r1,test1,3.0,late,compatible,1,191.6812865497076,0.9795,97,1.4272366834124242
1,c32r1,test1,3.0,late,compatible,2,218.88888888888889,0.9898,97,1.4694613164562655
2,c32r1,test1,3.0,late,compatible,3,241.608187134503,0.9693,97,1.394665367706081
3,c32r1,test1,3.0,late,compatible,4,271.5204678362572,0.9795,97,1.4272366834124242
4,c32r1,test1,3.0,late,compatible,5,317.1637426900585,0.9284,97,1.2998423415818372
5,c32r1,test1,3.0,late,compatible,6,394.98538011695933,0.9079,97,1.2624442837355645
6,c32r1,test1,3.0,late,compatible,7,596.5789473684209,0.6213,97,0.9079664086343855
0,c32r1,test1,3.0,late,incompatible,1,205.03242542153046,0.5733,110,0.8589452759410459
1,c32r1,test1,3.0,late,incompatible,2,240.22049286640726,0.7004,110,0.9915820741240653
2,c32r1,test1,3.0,late,incompatible,3,268.5862516212711,0.6239,110,0.9105660109172123
3,c32r1,test1,3.0,late,incompatible,4,316.73151750972755,0.4137,110,0.6987132584879681
4,c32r1,test1,3.0,late,incompatible,5,383.74837872892334,0.4462,110,0.7314668819146554
5,c32r1,test1,3.0,late,incompatible,6,479.87029831387844,0.4293,110,0.714472481711225
6,c32r1,test1,3.0,late,incompatible,7,689.0920881971464,0.2905,110,0.5692613126942998
0,c44r2,test2,3.0,early,compatible,1,203.33003952569172,1.0,144,1.5707963267948966
1,c44r2,test2,3.0,early,compatible,2,231.9861660079051,0.9931,144,1.4875376728052432
2,c44r2,test2,3.0,early,compatible,3,254.67391304347822,1.0,144,1.5707963267948966
3,c44r2,test2,3.0,early,compatible,4,281.0573122529645,0.9931,144,1.4875376728052432
4,c44r2,test2,3.0,early,compatible,5,316.0079051383399,1.0,144,1.5707963267948966
5,c44r2,test2,3.0,early,compatible,6,368.7055335968379,1.0,144,1.5707963267948966
6,c44r2,test2,3.0,early,compatible,7,471.9762845849802,1.0,144,1.5707963267948966
0,c44r2,test2,3.0,early,incompatible,1,238.31284916201116,0.2425,127,0.5148450600341693
1,c44r2,test2,3.0,early,incompatible,2,313.7877094972067,0.2503,127,0.5239209670206707
2,c44r2,test2,3.0,early,incompatible,3,385.1955307262569,0.3486,127,0.6315865599521087
3,c44r2,test2,3.0,early,incompatible,4,473.3966480446928,0.1911,127,0.45237848313523726
4,c44r2,test2,3.0,early,incompatible,5,592.1787709497208,0.2503,127,0.5239209670206707
5,c44r2,test2,3.0,early,incompatible,6,755.2513966480442,0.1173,127,0.34959570952280733
6,c44r2,test2,3.0,early,incompatible,7,1163.2849162011175,0.1173,127,0.34959570952280733
0,c44r2,test2,3.0,medium,compatible,1,201.29191321499016,1.0,144,1.5707963267948966
1,c44r2,test2,3.0,medium,compatible,2,229.21104536489153,0.9931,144,1.4876098519268353
2,c44r2,test2,3.0,medium,compatible,3,247.32741617357,1.0,144,1.5707963267948966
3,c44r2,test2,3.0,medium,compatible,4,270.6508875739645,1.0,144,1.5707963267948966
4,c44r2,test2,3.0,medium,compatible,5,302.6923076923078,1.0,144,1.5707963267948966
5,c44r2,test2,3.0,medium,compatible,6,346.01577909270196,1.0,144,1.5707963267948966
6,c44r2,test2,3.0,medium,compatible,7,455.72978303747544,1.0,144,1.5707963267948966
0,c44r2,test2,3.0,medium,incompatible,1,234.88081725312145,0.2384,125,0.5100570085631773
1,c44r2,test2,3.0,medium,incompatible,2,303.9273552780931,0.1351,125,0.3763452901438338
2,c44r2,test2,3.0,medium,incompatible,3,375.8342792281498,0.2384,125,0.5100570085631773
3,c44r2,test2,3.0,medium,incompatible,4,454.8013620885359,0.202,125,0.4661965697314801
4,c44r2,test2,3.0,medium,incompatible,5,552.5539160045404,0.1952,125,0.45766096914138876
5,c44r2,test2,3.0,medium,incompatible,6,707.514188422247,0.2384,125,0.5100570085631773
6,c44r2,test2,3.0,medium,incompatible,7,1146.5153234960276,0.1271,125,0.3645736517325751
0,c44r2,test2,3.0,late,compatible,1,197.14937286202965,1.0,125,1.5707963267948966
1,c44r2,test2,3.0,late,compatible,2,223.5005701254276,1.0,125,1.5707963267948966
2,c44r2,test2,3.0,late,compatible,3,243.93386545039903,1.0,125,1.5707963267948966
3,c44r2,test2,3.0,late,compatible,4,269.60091220068426,1.0,125,1.5707963267948966
4,c44r2,test2,3.0,late,compatible,5,301.2428734321551,1.0,125,1.5707963267948966
5,c44r2,test2,3.0,late,compatible,6,353.96807297605454,1.0,125,1.5707963267948966
6,c44r2,test2,3.0,late,compatible,7,458.4036488027367,0.984,125,1.4441098873706912
0,c44r2,test2,3.0,late,incompatible,1,225.3148614609572,0.471,113,0.7564143310940092
1,c44r2,test2,3.0,late,incompatible,2,273.1234256926952,0.3577,113,0.6410857940982367
2,c44r2,test2,3.0,late,incompatible,3,315.9697732997481,0.3375,113,0.6199260836190141
3,c44r2,test2,3.0,late,incompatible,4,380.8564231738036,0.2708,113,0.5472794946191215
4,c44r2,test2,3.0,late,incompatible,5,473.85390428211565,0.432,113,0.7171760714805792
5,c44r2,test2,3.0,late,incompatible,6,600.1007556675063,0.3967,113,0.6813742381122366
6,c44r2,test2,3.0,late,incompatible,7,940.0251889168766,0.3526,113,0.6358218970703653
0,c32r2,test2,3.0,early,compatible,1,193.20730117340287,1.0,109,1.5707963267948966
1,c32r2,test2,3.0,early,compatible,2,214.66753585397652,1.0,109,1.5707963267948966
2,c32r2,test2,3.0,early,compatible,3,226.910039113429,0.9817,109,1.4352821721560916
3,c32r2,test2,3.0,early,compatible,4,239.36114732724897,1.0,109,1.5707963267948966
4,c32r2,test2,3.0,early,compatible,5,256.6362451108215,1.0,109,1.5707963267948966
5,c32r2,test2,3.0,early,compatible,6,283.4419817470665,0.9909,109,1.4751146548609948
6,c32r2,test2,3.0,early,compatible,7,332.9465449804432,1.0,109,1.5707963267948966
0,c32r2,test2,3.0,early,incompatible,1,205.3161843515541,0.2776,133,0.5549219925099955
1,c32r2,test2,3.0,early,incompatible,2,239.46409431939978,0.2176,133,0.4852754212009724
2,c32r2,test2,3.0,early,incompatible,3,263.54769560557344,0.1576,133,0.4081739980868082
3,c32r2,test2,3.0,early,incompatible,4,295.4233654876742,0.1876,133,0.4479181532465539
4,c32r2,test2,3.0,early,incompatible,5,359.3461950696679,0.1726,133,0.42838799049413967
5,c32r2,test2,3.0,early,incompatible,6,486.06645230439415,0.1651,133,0.41837265164263737
6,c32r2,test2,3.0,early,incompatible,7,789.0032154340839,0.2176,133,0.4852754212009724
0,c32r2,test2,3.0,medium,compatible,1,188.35774058577405,0.9927,136,1.4851196722547773
1,c32r2,test2,3.0,medium,compatible,2,210.34518828451883,1.0,136,1.5707963267948966
2,c32r2,test2,3.0,medium,compatible,3,224.00627615062757,1.0,136,1.5707963267948966
3,c32r2,test2,3.0,medium,compatible,4,236.6841004184101,1.0,136,1.5707963267948966
4,c32r2,test2,3.0,medium,compatible,5,251.4016736401673,1.0,136,1.5707963267948966
5,c32r2,test2,3.0,medium,compatible,6,277.4790794979079,0.9927,136,1.4851196722547773
6,c32r2,test2,3.0,medium,compatible,7,331.9246861924685,1.0,136,1.5707963267948966
0,c32r2,test2,3.0,medium,incompatible,1,202.568093385214,0.1829,146,0.44188481833890625
1,c32r2,test2,3.0,medium,incompatible,2,232.8112840466926,0.1167,146,0.34868262059466215
2,c32r2,test2,3.0,medium,incompatible,3,257.97665369649803,0.1294,146,0.36793670794997774
3,c32r2,test2,3.0,medium,incompatible,4,294.18287937743196,0.1702,146,0.42529991787952204
4,c32r2,test2,3.0,medium,incompatible,5,373.6867704280156,0.1907,146,0.451869323394678
5,c32r2,test2,3.0,medium,incompatible,6,512.3443579766534,0.178,146,0.4355609017019099
6,c32r2,test2,3.0,medium,incompatible,7,853.2976653696498,0.1556,146,0.405539980200889
0,c32r2,test2,3.0,late,compatible,1,199.54292084726868,1.0,128,1.5707963267948966
1,c32r2,test2,3.0,late,compatible,2,221.3600891861761,1.0,128,1.5707963267948966
2,c32r2,test2,3.0,late,compatible,3,235.18394648829437,1.0,128,1.5707963267948966
3,c32r2,test2,3.0,late,compatible,4,246.7224080267558,1.0,128,1.5707963267948966
4,c32r2,test2,3.0,late,compatible,5,267.36900780379034,1.0,128,1.5707963267948966
5,c32r2,test2,3.0,late,compatible,6,298.6845039018954,1.0,128,1.5707963267948966
6,c32r2,test2,3.0,late,compatible,7,349.5763656633221,1.0,128,1.5707963267948966
0,c32r2,test2,3.0,late,incompatible,1,223.4539089848308,0.1062,122,0.3319201784368475
1,c32r2,test2,3.0,late,incompatible,2,277.2112018669779,0.0653,122,0.2584941266050113
2,c32r2,test2,3.0,late,incompatible,3,354.1773628938156,0.1062,122,0.3319201784368475
3,c32r2,test2,3.0,late,incompatible,4,467.71295215869316,0.1062,122,0.3319201784368475
4,c32r2,test2,3.0,late,incompatible,5,607.5612602100348,0.1307,122,0.3698858452350097
5,c32r2,test2,3.0,late,incompatible,6,807.3978996499417,0.0735,122,0.27456785045326143
6,c32r2,test2,3.0,late,incompatible,7,1078.3430571761962,0.1307,122,0.3698858452350097
0,c41r2,test1,3.0,early,compatible,1,228.8235294117647,0.9828,58,1.4394311785842717
1,c41r2,test1,3.0,early,compatible,2,307.23039215686276,0.9657,58,1.3844785674086633
2,c41r2,test1,3.0,early,compatible,3,384.7549019607843,0.9828,58,1.4394311785842717
3,c41r2,test1,3.0,early,compatible,4,469.1421568627451,0.9485,58,1.341933432445646
4,c41r2,test1,3.0,early,compatible,5,570.4901960784316,0.9485,58,1.341933432445646
5,c41r2,test1,3.0,early,compatible,6,696.5931372549019,0.902,58,1.2523276244083743
6,c41r2,test1,3.0,early,compatible,7,1074.7549019607843,0.8235,58,1.1372579104621203
0,c41r2,test1,3.0,early,incompatible,1,238.45588235294116,0.9142,58,1.2735478416721777
1,c41r2,test1,3.0,early,incompatible,2,365.39215686274514,0.8873,58,1.2283677883115485
2,c41r2,test1,3.0,early,incompatible,3,468.75,0.8897,58,1.232260687655581
3,c41r2,test1,3.0,early,incompatible,4,552.0588235294117,0.7917,58,1.096812505535227
4,c41r2,test1,3.0,early,incompatible,5,644.852941176471,0.7451,58,1.0415562740327486
5,c41r2,test1,3.0,early,incompatible,6,771.2745098039215,0.6103,58,0.8966065481869838
6,c41r2,test1,3.0,early,incompatible,7,1097.2794117647056,0.549,58,0.834497274603351
0,c41r2,test1,3.0,medium,compatible,1,221.33470225872688,0.9713,69,1.4004198273716262
1,c41r2,test1,3.0,medium,compatible,2,292.07392197125256,0.9713,69,1.4004198273716262
2,c41r2,test1,3.0,medium,compatible,3,380.6365503080083,0.9569,69,1.3616186238123351
3,c41r2,test1,3.0,medium,compatible,4,456.8377823408623,0.9713,69,1.4004198273716262
4,c41r2,test1,3.0,medium,compatible,5,552.4024640657084,0.9713,69,1.4004198273716262
5,c41r2,test1,3.0,medium,compatible,6,683.3880903490764,0.9569,69,1.3616186238123351
6,c41r2,test1,3.0,medium,compatible,7,1041.5400410677616,0.885,69,1.2248352940663942
0,c41r2,test1,3.0,medium,incompatible,1,231.37697516930024,0.8736,63,1.2073015750253338
1,c41r2,test1,3.0,medium,incompatible,2,335.4627539503386,0.9052,63,1.2578024654083837
2,c41r2,test1,3.0,medium,incompatible,3,436.07223476297975,0.86,63,1.187363872821289
3,c41r2,test1,3.0,medium,incompatible,4,537.7652370203159,0.8871,63,1.228174259191095
4,c41r2,test1,3.0,medium,incompatible,5,625.2370203160273,0.8352,63,1.1527923002973934
5,c41r2,test1,3.0,medium,incompatible,6,759.548532731377,0.6163,63,0.9027251834615511
6,c41r2,test1,3.0,medium,incompatible,7,1111.941309255079,0.5688,63,0.8544669322244713
0,c41r2,test1,3.0,late,compatible,1,230.4950495049505,0.9827,57,1.4387838481484134
1,c41r2,test1,3.0,late,compatible,2,317.94554455445547,1.0,57,1.5707963267948966
2,c41r2,test1,3.0,late,compatible,3,443.53960396039594,1.0,57,1.5707963267948966
3,c41r2,test1,3.0,late,compatible,4,536.5346534653467,0.9827,57,1.4387838481484134
4,c41r2,test1,3.0,late,compatible,5,652.5247524752473,0.9653,57,1.383552325983624
5,c41r2,test1,3.0,late,compatible,6,806.559405940594,0.9827,57,1.4387838481484134
6,c41r2,test1,3.0,late,compatible,7,1236.4851485148515,0.8267,57,1.1414738964362408
0,c41r2,test1,3.0,late,incompatible,1,268.7239583333333,0.8906,54,1.2337301530166225
1,c41r2,test1,3.0,late,incompatible,2,413.4635416666667,0.9453,54,1.3347577861027573
2,c41r2,test1,3.0,late,incompatible,3,543.4114583333335,0.9167,54,1.2779531817876473
3,c41r2,test1,3.0,late,incompatible,4,659.3489583333329,0.8932,54,1.2379249646586463
4,c41r2,test1,3.0,late,incompatible,5,799.6875000000001,0.6615,54,0.949803176271583
5,c41r2,test1,3.0,late,incompatible,6,1034.2187500000007,0.5964,54,0.882359358049521
6,c41r2,test1,3.0,late,incompatible,7,1659.479166666666,0.2552,54,0.5295916826777971
0,c38r2,control,3.0,early,compatible,1,182.34006734006732,0.9764,84,1.416663281428018
1,c38r2,control,3.0,early,compatible,2,206.5151515151515,1.0,84,1.5707963267948966
2,c38r2,control,3.0,early,compatible,3,226.26262626262624,1.0,84,1.5707963267948966
3,c38r2,control,3.0,early,compatible,4,243.58585858585863,1.0,84,1.5707963267948966
4,c38r2,control,3.0,early,compatible,5,266.01010101010087,1.0,84,1.5707963267948966
5,c38r2,control,3.0,early,compatible,6,305.892255892256,0.9882,84,1.4620228875561518
6,c38r2,control,3.0,early,compatible,7,403.4175084175083,0.9882,84,1.4620228875561518
0,c38r2,control,3.0,early,incompatible,1,191.0958904109589,0.589,73,0.8749165369345858
1,c38r2,control,3.0,early,incompatible,2,222.6027397260274,0.4521,73,0.7373789031451925
2,c38r2,control,3.0,early,incompatible,3,248.35616438356163,0.726,73,1.0199311763953691
3,c38r2,control,3.0,early,incompatible,4,266.43835616438355,0.726,73,1.0199311763953691
4,c38r2,control,3.0,early,incompatible,5,291.09589041095893,0.726,73,1.0199311763953691
5,c38r2,control,3.0,early,incompatible,6,336.8493150684931,0.6712,73,0.9601681602808948
6,c38r2,control,3.0,early,incompatible,7,448.2191780821918,0.6438,73,0.9312958989582316
0,c38r2,control,3.0,medium,compatible,1,189.05537459283389,1.0,87,1.5707963267948966
1,c38r2,control,3.0,medium,compatible,2,214.69055374592833,1.0,87,1.5707963267948966
2,c38r2,control,3.0,medium,compatible,3,234.05537459283403,1.0,87,1.5707963267948966
3,c38r2,control,3.0,medium,compatible,4,251.59609120521162,1.0,87,1.5707963267948966
4,c38r2,control,3.0,medium,compatible,5,276.38436482084694,0.9886,87,1.4638154344063743
5,c38r2,control,3.0,medium,compatible,6,316.0423452768732,1.0,87,1.5707963267948966
6,c38r2,control,3.0,medium,compatible,7,411.8241042345275,0.9772,87,1.4192181042785394
0,c38r2,control,3.0,medium,incompatible,1,194.37007874015748,0.7244,72,1.0181188786052575
1,c38r2,control,3.0,medium,incompatible,2,231.4763779527559,0.6535,72,0.9414628373412433
2,c38r2,control,3.0,medium,incompatible,3,257.38188976377955,0.685,72,0.9749449596010697
3,c38r2,control,3.0,medium,incompatible,4,281.9291338582677,0.7795,72,1.0820219376984523
4,c38r2,control,3.0,medium,incompatible,5,307.9921259842519,0.8071,72,1.116067123070652
5,c38r2,control,3.0,medium,incompatible,6,354.5078740157482,0.876,72,1.2109189112757754
6,c38r2,control,3.0,medium,incompatible,7,474.27165354330697,0.7106,72,1.0028157439806056
0,c38r2,control,3.0,late,compatible,1,193.0379746835443,1.0,79,1.5707963267948966
1,c38r2,control,3.0,late,compatible,2,220.25316455696202,1.0,79,1.5707963267948966
2,c38r2,control,3.0,late,compatible,3,239.49367088607596,1.0,79,1.5707963267948966
3,c38r2,control,3.0,late,compatible,4,260.63291139240505,1.0,79,1.5707963267948966
4,c38r2,control,3.0,late,compatible,5,282.40506329113924,1.0,79,1.5707963267948966
5,c38r2,control,3.0,late,compatible,6,328.2278481012658,0.9873,79,1.4580512187151056
6,c38r2,control,3.0,late,compatible,7,427.2151898734177,0.9747,79,1.4110080964484109
0,c38r2,control,3.0,late,incompatible,1,190.94936708860757,0.5274,67,0.8128379250767495
1,c38r2,control,3.0,late,incompatible,2,225.54852320675104,0.7194,67,1.0125399288494816
2,c38r2,control,3.0,late,incompatible,3,249.49367088607596,0.6456,67,0.9331060948332077
3,c38r2,control,3.0,late,incompatible,4,271.0337552742615,0.7215,67,1.0148909314973653
4,c38r2,control,3.0,late,incompatible,5,296.94092827004226,0.7532,67,1.0508603706148776
5,c38r2,control,3.0,late,incompatible,6,349.4725738396625,0.7131,67,1.005520712324937
6,c38r2,control,3.0,late,incompatible,7,469.3037974683545,0.8228,67,1.1362829428806234
0,c29r1,test1,3.0,early,compatible,1,191.31715771230503,0.9393,82,1.321945126958712
1,c29r1,test1,3.0,early,compatible,2,218.3362218370884,0.8908,82,1.2340356806993356
2,c29r1,test1,3.0,early,compatible,3,238.318890814558,0.8908,82,1.2340356806993356
3,c29r1,test1,3.0,early,compatible,4,257.57365684575393,0.9393,82,1.321945126958712
4,c29r1,test1,3.0,early,compatible,5,284.7313691507799,0.9497,82,1.344686957801263
5,c29r1,test1,3.0,early,compatible,6,332.270363951473,0.8925,82,1.2368219312406679
6,c29r1,test1,3.0,early,compatible,7,465.1126516464472,0.8544,82,1.179323224256612
0,c29r1,test1,3.0,early,incompatible,1,214.625,0.55,80,0.835482099508719
1,c29r1,test1,3.0,early,incompatible,2,276.875,0.4875,80,0.7728968578908124
2,c29r1,test1,3.0,early,incompatible,3,323.125,0.3875,80,0.6719266709917464
3,c29r1,test1,3.0,early,incompatible,4,393.75,0.4875,80,0.7728968578908124
4,c29r1,test1,3.0,early,incompatible,5,488.875,0.3375,80,0.6198929112755055
5,c29r1,test1,3.0,early,incompatible,6,631.25,0.35,80,0.6330518632929314
6,c29r1,test1,3.0,early,incompatible,7,1101.0,0.225,80,0.4942164431436371
0,c29r1,test1,3.0,medium,compatible,1,201.88888888888889,0.9333,90,1.3096397560234672
1,c29r1,test1,3.0,medium,compatible,2,231.88888888888889,0.9556,90,1.3583830699442654
2,c29r1,test1,3.0,medium,compatible,3,253.33333333333334,0.9556,90,1.3583830699442654
3,c29r1,test1,3.0,medium,compatible,4,276.1111111111111,0.9667,90,1.3871918769681868
4,c29r1,test1,3.0,medium,compatible,5,303.8888888888889,0.9889,90,1.4651915885317717
5,c29r1,test1,3.0,medium,compatible,6,354.0,0.9556,90,1.3583830699442654
6,c29r1,test1,3.0,medium,compatible,7,511.22222222222223,0.8333,90,1.150262164995398
0,c29r1,test1,3.0,medium,incompatible,1,223.75234521575985,0.6454,76,0.9329331049926808
1,c29r1,test1,3.0,medium,incompatible,2,284.6529080675422,0.7373,76,1.0326943931667287
2,c29r1,test1,3.0,medium,incompatible,3,370.281425891182,0.6792,76,0.9686468088245795
3,c29r1,test1,3.0,medium,incompatible,4,471.3883677298311,0.6248,76,0.9114959681210896
4,c29r1,test1,3.0,medium,incompatible,5,606.7166979362104,0.5047,76,0.7900891252699418
5,c29r1,test1,3.0,medium,incompatible,6,778.855534709193,0.4315,76,0.7167024838669721
6,c29r1,test1,3.0,medium,incompatible,7,1234.6529080675427,0.6454,76,0.9329331049926808
0,c29r1,test1,3.0,late,compatible,1,201.43327841845138,0.9539,86,1.354332295558892
1,c29r1,test1,3.0,late,compatible,2,233.01482701812193,0.9539,86,1.354332295558892
2,c29r1,test1,3.0,late,compatible,3,256.19439868204296,0.9539,86,1.354332295558892
3,c29r1,test1,3.0,late,compatible,4,279.42339373970333,0.9539,86,1.354332295558892
4,c29r1,test1,3.0,late,compatible,5,313.1630971993411,0.9769,86,1.4183398253590633
5,c29r1,test1,3.0,late,compatible,6,377.1993410214171,0.9539,86,1.354332295558892
6,c29r1,test1,3.0,late,compatible,7,668.7149917627675,0.5272,86,0.8125950260131727
0,c29r1,test1,3.0,late,incompatible,1,218.26825127334467,0.7385,84,1.0340617947595523
1,c29r1,test1,3.0,late,incompatible,2,278.48896434634975,0.7946,84,1.1003917765825815
2,c29r1,test1,3.0,late,incompatible,3,352.8353140916808,0.8489,84,1.171554562250117
3,c29r1,test1,3.0,late,incompatible,4,446.31578947368416,0.7317,84,1.0263670022512486
4,c29r1,test1,3.0,late,incompatible,5,587.6570458404076,0.6384,84,0.9255988024047391
5,c29r1,test1,3.0,late,incompatible,6,785.0764006791169,0.7046,84,0.9961691530854301
6,c29r1,test1,3.0,late,incompatible,7,1189.796264855688,0.6418,84,0.9291358108950286
0,c30r1,control,3.0,early,compatible,1,207.47634069400632,0.9558,90,1.3590672037669722
1,c30r1,control,3.0,early,compatible,2,252.80757097791798,0.9669,90,1.3877788664962216
2,c30r1,control,3.0,early,compatible,3,295.8675078864354,0.9558,90,1.3590672037669722
3,c30r1,control,3.0,early,compatible,4,357.4605678233438,0.9558,90,1.3590672037669722
4,c30r1,control,3.0,early,compatible,5,435.1419558359621,0.9669,90,1.3877788664962216
5,c30r1,control,3.0,early,compatible,6,547.6025236593063,0.9338,90,1.3104815217675783
6,c30r1,control,3.0,early,compatible,7,839.3375394321765,0.8233,90,1.1370151658052436
0,c30r1,control,3.0,early,incompatible,1,223.7798165137615,0.5908,77,0.8767311292469253
1,c30r1,control,3.0,early,incompatible,2,286.7522935779816,0.7193,77,1.0123813710776912
2,c30r1,control,3.0,early,incompatible,3,372.25688073394497,0.7908,77,1.095777256757117
3,c30r1,control,3.0,early,incompatible,4,489.8715596330275,0.8073,77,1.1163882528673248
4,c30r1,control,3.0,early,incompatible,5,591.4862385321098,0.756,77,1.0541122053531724
5,c30r1,control,3.0,early,incompatible,6,732.495412844037,0.6018,77,0.8879502837469534
6,c30r1,control,3.0,early,incompatible,7,1178.018348623853,0.5248,77,0.8101796049223708
0,c30r1,control,3.0,medium,compatible,1,204.78957915831663,0.8457,71,1.167099267645264
1,c30r1,control,3.0,medium,compatible,2,253.92785571142284,0.9299,71,1.3027569368329235
2,c30r1,control,3.0,medium,compatible,3,311.0220440881763,0.9158,71,1.2764465988022526
3,c30r1,control,3.0,medium,compatible,4,395.3507014028057,0.8878,71,1.2291907157630002
4,c30r1,control,3.0,medium,compatible,5,496.81362725450896,0.8958,71,1.2420969465322214
5,c30r1,control,3.0,medium,compatible,6,643.4268537074147,0.7255,71,1.019285768135015
6,c30r1,control,3.0,medium,compatible,7,1080.761523046092,0.4389,71,0.7241219937856367
0,c30r1,control,3.0,medium,incompatible,1,228.16842105263157,0.7958,67,1.101905347327285
1,c30r1,control,3.0,medium,incompatible,2,286.1684210526316,0.8358,67,1.1535664938482586
2,c30r1,control,3.0,medium,incompatible,3,354.67368421052635,0.8968,67,1.2438174543493776
3,c30r1,control,3.0,medium,incompatible,4,446.5473684210526,0.9705,67,1.398262938397175
4,c30r1,control,3.0,medium,incompatible,5,537.8736842105261,0.8968,67,1.2438174543493776
5,c30r1,control,3.0,medium,incompatible,6,664.2947368421056,0.9558,67,1.3589530303420316
6,c30r1,control,3.0,medium,incompatible,7,1062.2947368421048,0.7347,67,1.029745616437783
0,c30r1,control,3.0,late,compatible,1,208.37155963302752,0.8394,62,1.1585297770947398
1,c30r1,control,3.0,late,compatible,2,264.059633027523,0.8876,62,1.2289370751607376
2,c30r1,control,3.0,late,compatible,3,327.22477064220186,0.8716,62,1.2042592516165023
3,c30r1,control,3.0,late,compatible,4,422.9128440366972,0.7431,62,1.0392888289594553
4,c30r1,control,3.0,late,compatible,5,546.6972477064222,0.7271,62,1.0210957719621057
5,c30r1,control,3.0,late,compatible,6,745.1376146788991,0.5505,62,0.8359428469900282
6,c30r1,control,3.0,late,compatible,7,1244.7247706422017,0.1491,62,0.39641300176516725
0,c30r1,control,3.0,late,incompatible,1,211.47540983606558,0.7213,61,1.0146597880406318
1,c30r1,control,3.0,late,incompatible,2,277.21311475409834,0.9344,61,1.3118370326949267
2,c30r1,control,3.0,late,incompatible,3,350.1639344262295,0.9508,61,1.347171521886819
3,c30r1,control,3.0,late,incompatible,4,442.2950819672131,0.9344,61,1.3118370326949267
4,c30r1,control,3.0,late,incompatible,5,532.6229508196722,0.918,61,1.2804332858453926
5,c30r1,control,3.0,late,incompatible,6,641.1475409836065,0.9672,61,1.3887208371546418
6,c30r1,control,3.0,late,incompatible,7,1021.9672131147541,0.8689,61,1.2002316468716985
0,c40r1,test1,3.0,early,compatible,1,184.46969696969697,0.9924,132,1.4836481452922552
1,c40r1,test1,3.0,early,compatible,2,205.53030303030303,0.9924,132,1.4836481452922552
2,c40r1,test1,3.0,early,compatible,3,225.07575757575756,0.9924,132,1.4836481452922552
3,c40r1,test1,3.0,early,compatible,4,247.04545454545453,0.9924,132,1.4836481452922552
4,c40r1,test1,3.0,early,compatible,5,273.1060606060606,0.9848,132,1.4473892043586951
5,c40r1,test1,3.0,early,compatible,6,303.7121212121212,0.9697,132,1.395827695688
6,c40r1,test1,3.0,early,compatible,7,424.1666666666667,0.9167,132,1.2779531817876473
0,c40r1,test1,3.0,early,incompatible,1,198.48322147651007,0.2953,106,0.5745022316984753
1,c40r1,test1,3.0,early,incompatible,2,230.21476510067114,0.353,106,0.6362147036184034
2,c40r1,test1,3.0,early,incompatible,3,249.91946308724832,0.3289,106,0.6107255440402586
3,c40r1,test1,3.0,early,incompatible,4,270.18791946308727,0.4389,106,0.7241713886973937
4,c40r1,test1,3.0,early,incompatible,5,301.9463087248321,0.5866,106,0.8724135026653836
5,c40r1,test1,3.0,early,incompatible,6,355.66442953020135,0.5906,106,0.8765060426176203
6,c40r1,test1,3.0,early,incompatible,7,491.70469798657723,0.4228,106,0.7079068775253516
0,c40r1,test1,3.0,medium,compatible,1,182.7878787878788,1.0,117,1.5707963267948966
1,c40r1,test1,3.0,medium,compatible,2,202.25454545454542,0.9915,117,1.4785573409766788
2,c40r1,test1,3.0,medium,compatible,3,217.39393939393938,1.0,117,1.5707963267948966
3,c40r1,test1,3.0,medium,compatible,4,236.09696969696975,1.0,117,1.5707963267948966
4,c40r1,test1,3.0,medium,compatible,5,257.68484848484854,0.9915,117,1.4785573409766788
5,c40r1,test1,3.0,medium,compatible,6,288.88484848484825,1.0,117,1.5707963267948966
6,c40r1,test1,3.0,medium,compatible,7,383.8181818181819,0.9576,117,1.363339980813246
0,c40r1,test1,3.0,medium,incompatible,1,194.56839309428952,0.1912,107,0.4525986392319997
1,c40r1,test1,3.0,medium,incompatible,2,221.64674634794156,0.162,107,0.4142625846484374
2,c40r1,test1,3.0,medium,incompatible,3,242.68260292164678,0.1461,107,0.39218345006465277
3,c40r1,test1,3.0,medium,incompatible,4,262.6958831341301,0.3187,107,0.5998964416827053
4,c40r1,test1,3.0,medium,incompatible,5,285.4847277556442,0.3254,107,0.6070025057961533
5,c40r1,test1,3.0,medium,incompatible,6,334.953519256308,0.3625,107,0.6461550030901333
6,c40r1,test1,3.0,medium,incompatible,7,475.79017264276223,0.3718,107,0.6557981242157672
0,c40r1,test1,3.0,late,compatible,1,179.56572769953053,1.0,121,1.5707963267948966
1,c40r1,test1,3.0,late,compatible,2,198.20422535211264,1.0,121,1.5707963267948966
2,c40r1,test1,3.0,late,compatible,3,213.62676056338037,1.0,121,1.5707963267948966
3,c40r1,test1,3.0,late,compatible,4,229.0962441314553,1.0,121,1.5707963267948966
4,c40r1,test1,3.0,late,compatible,5,252.33568075117373,1.0,121,1.5707963267948966
5,c40r1,test1,3.0,late,compatible,6,280.9624413145541,0.9918,121,1.4800348076442873
6,c40r1,test1,3.0,late,compatible,7,360.88028169014075,0.9836,121,1.4422555257033884
0,c40r1,test1,3.0,late,incompatible,1,187.4746192893401,0.1028,112,0.3263755243303377
1,c40r1,test1,3.0,late,incompatible,2,214.41624365482232,0.1282,112,0.3661378972331248
2,c40r1,test1,3.0,late,incompatible,3,232.56345177664977,0.0888,112,0.3026470585632819
3,c40r1,test1,3.0,late,incompatible,4,251.68781725888323,0.2221,112,0.49071314532900945
4,c40r1,test1,3.0,late,incompatible,5,281.00253807106606,0.2487,112,0.5221317719453934
5,c40r1,test1,3.0,late,incompatible,6,341.68781725888323,0.3147,112,0.5955933044413604
6,c40r1,test1,3.0,late,incompatible,7,490.69796954314717,0.3071,112,0.5873679249194168
0,c44r1,test2,3.0,early,compatible,1,198.53159851301115,1.0,76,1.5707963267948966
1,c44r1,test2,3.0,early,compatible,2,226.5613382899628,1.0,76,1.5707963267948966
2,c44r1,test2,3.0,early,compatible,3,253.23420074349443,0.987,76,1.4564799878713428
3,c44r1,test2,3.0,early,compatible,4,301.24535315985133,1.0,76,1.5707963267948966
4,c44r1,test2,3.0,early,compatible,5,353.4014869888474,1.0,76,1.5707963267948966
5,c44r1,test2,3.0,early,compatible,6,420.22304832713775,1.0,76,1.5707963267948966
6,c44r1,test2,3.0,early,compatible,7,557.0631970260222,1.0,76,1.5707963267948966
0,c44r1,test2,3.0,early,incompatible,1,228.01815431164903,0.1952,94,0.4575684497151423
1,c44r1,test2,3.0,early,incompatible,2,288.411497730711,0.3661,94,0.649856297178839
2,c44r1,test2,3.0,early,incompatible,3,347.17095310136153,0.4478,94,0.7331087906739441
3,c44r1,test2,3.0,early,incompatible,4,421.80030257186087,0.3964,94,0.6810112206718749
4,c44r1,test2,3.0,early,incompatible,5,510.7110438729199,0.3737,94,0.6576908393718484
5,c44r1,test2,3.0,early,incompatible,6,673.434190620272,0.1906,94,0.45181708049842084
6,c44r1,test2,3.0,early,incompatible,7,1122.692889561271,0.1059,94,0.3314590435797868
0,c44r1,test2,3.0,medium,compatible,1,200.27272727272725,1.0,78,1.5707963267948966
1,c44r1,test2,3.0,medium,compatible,2,228.8181818181818,1.0,78,1.5707963267948966
2,c44r1,test2,3.0,medium,compatible,3,268.4181818181819,1.0,78,1.5707963267948966
3,c44r1,test2,3.0,medium,compatible,4,316.81818181818176,1.0,78,1.5707963267948966
4,c44r1,test2,3.0,medium,compatible,5,367.7818181818181,1.0,78,1.5707963267948966
5,c44r1,test2,3.0,medium,compatible,6,434.4000000000003,1.0,78,1.5707963267948966
6,c44r1,test2,3.0,medium,compatible,7,583.5999999999999,0.9873,78,1.4577405515026631
0,c44r1,test2,3.0,medium,incompatible,1,231.5287517531557,0.2258,101,0.4951810933927842
1,c44r1,test2,3.0,medium,incompatible,2,294.29172510518936,0.3997,101,0.6844332397571873
2,c44r1,test2,3.0,medium,incompatible,3,360.75736325385685,0.2777,101,0.5550337687754812
3,c44r1,test2,3.0,medium,incompatible,4,462.49649368863965,0.4811,101,0.7664593360012097
4,c44r1,test2,3.0,medium,incompatible,5,589.9298737727909,0.4516,101,0.7369358887727996
5,c44r1,test2,3.0,medium,incompatible,6,742.4263674614303,0.1767,101,0.43386298020871344
6,c44r1,test2,3.0,medium,incompatible,7,1209.2145862552597,0.1276,101,0.3653251436363342
0,c44r1,test2,3.0,late,compatible,1,199.5585738539898,0.9762,84,1.41600678855594
1,c44r1,test2,3.0,late,compatible,2,230.4414261460102,1.0,84,1.5707963267948966
2,c44r1,test2,3.0,late,compatible,3,266.893039049236,0.9881,84,1.4615632759905952
3,c44r1,test2,3.0,late,compatible,4,324.70288624787776,1.0,84,1.5707963267948966
4,c44r1,test2,3.0,late,compatible,5,381.4940577249577,1.0,84,1.5707963267948966
5,c44r1,test2,3.0,late,compatible,6,461.76570458404063,0.9881,84,1.4615632759905952
6,c44r1,test2,3.0,late,compatible,7,629.5925297113754,0.9762,84,1.41600678855594
0,c44r1,test2,3.0,late,incompatible,1,227.3905429071804,0.5271,81,0.8125572149973556
1,c44r1,test2,3.0,late,incompatible,2,300.47285464098076,0.6147,81,0.9011399422730904
2,c44r1,test2,3.0,late,incompatible,3,395.183887915937,0.7793,81,1.081787719496852
3,c44r1,test2,3.0,late,incompatible,4,495.6742556917688,0.7916,81,1.0967226867150839
4,c44r1,test2,3.0,late,incompatible,5,600.9281961471102,0.7916,81,1.0967226867150839
5,c44r1,test2,3.0,late,incompatible,6,749.0017513134856,0.62,81,0.9065457458828765
6,c44r1,test2,3.0,late,incompatible,7,1185.1838879159368,0.62,81,0.9065457458828765
0,c40r2,test1,3.0,early,compatible,1,211.79054054054055,1.0,84,1.5707963267948966
1,c40r2,test1,3.0,early,compatible,2,238.42905405405406,1.0,84,1.5707963267948966
2,c40r2,test1,3.0,early,compatible,3,263.26013513513516,1.0,84,1.5707963267948966
3,c40r2,test1,3.0,early,compatible,4,290.2702702702702,1.0,84,1.5707963267948966
4,c40r2,test1,3.0,early,compatible,5,325.1858108108107,1.0,84,1.5707963267948966
5,c40r2,test1,3.0,early,compatible,6,386.8918918918921,1.0,84,1.5707963267948966
6,c40r2,test1,3.0,early,compatible,7,478.05743243243234,1.0,84,1.5707963267948966
0,c40r2,test1,3.0,early,incompatible,1,228.9516129032258,0.3113,88,0.591894210005844
1,c40r2,test1,3.0,early,incompatible,2,289.6774193548387,0.3548,88,0.6381157086856972
2,c40r2,test1,3.0,early,incompatible,3,348.1935483870969,0.3129,88,0.593635229249716
3,c40r2,test1,3.0,early,incompatible,4,442.06451612903214,0.2968,88,0.5761148189182852
4,c40r2,test1,3.0,early,incompatible,5,549.3870967741934,0.3935,88,0.6781250375920695
5,c40r2,test1,3.0,early,incompatible,6,735.3709677419358,0.2839,88,0.5618999729718056
6,c40r2,test1,3.0,early,incompatible,7,1189.6290322580644,0.3274,88,0.6091932223089545
0,c40r2,test1,3.0,medium,compatible,1,209.70000000000002,1.0,85,1.5707963267948966
1,c40r2,test1,3.0,medium,compatible,2,235.3,1.0,85,1.5707963267948966
2,c40r2,test1,3.0,medium,compatible,3,253.68333333333342,1.0,85,1.5707963267948966
3,c40r2,test1,3.0,medium,compatible,4,270.81666666666655,1.0,85,1.5707963267948966
4,c40r2,test1,3.0,medium,compatible,5,296.8833333333334,1.0,85,1.5707963267948966
5,c40r2,test1,3.0,medium,compatible,6,344.76666666666694,1.0,85,1.5707963267948966
6,c40r2,test1,3.0,medium,compatible,7,446.2666666666665,1.0,85,1.5707963267948966
0,c40r2,test1,3.0,medium,incompatible,1,215.86153846153846,0.1831,92,0.442140379679032
1,c40r2,test1,3.0,medium,incompatible,2,271.2769230769231,0.1908,92,0.4520060504362489
2,c40r2,test1,3.0,medium,incompatible,3,345.13846153846146,0.2569,92,0.5315568625301346
3,c40r2,test1,3.0,medium,incompatible,4,438.7076923076924,0.2308,92,0.5010924871710911
4,c40r2,test1,3.0,medium,incompatible,5,548.8769230769229,0.2154,92,0.48261264531208387
5,c40r2,test1,3.0,medium,incompatible,6,745.8615384615382,0.1631,92,0.41569736239024185
6,c40r2,test1,3.0,medium,incompatible,7,1239.5846153846155,0.2462,92,0.5191461852441093
0,c40r2,test1,3.0,late,compatible,1,190.56629834254144,0.884,103,1.2232199259134862
1,c40r2,test1,3.0,late,compatible,2,215.1104972375691,0.942,103,1.327549179934019
2,c40r2,test1,3.0,late,compatible,3,233.39779005524858,0.9323,103,1.3076141084869166
3,c40r2,test1,3.0,late,compatible,4,251.45027624309392,0.8936,103,1.238601968815193
4,c40r2,test1,3.0,late,compatible,5,274.54419889502753,0.9517,103,1.3491142958197102
5,c40r2,test1,3.0,late,compatible,6,320.3591160220995,0.9613,103,1.3728473930048928
6,c40r2,test1,3.0,late,compatible,7,442.47237569060775,0.9903,103,1.4723085710236414
0,c40r2,test1,3.0,late,incompatible,1,217.01754385964912,0.1667,114,0.42053401709676796
1,c40r2,test1,3.0,late,incompatible,2,255.6140350877193,0.1842,114,0.44360464571903196
2,c40r2,test1,3.0,late,incompatible,3,302.5438596491228,0.1754,114,0.43218291213235444
3,c40r2,test1,3.0,late,incompatible,4,378.42105263157896,0.2895,114,0.5680958907322717
4,c40r2,test1,3.0,late,incompatible,5,494.7368421052632,0.2456,114,0.5185197446977958
5,c40r2,test1,3.0,late,incompatible,6,651.7543859649123,0.2632,114,0.5386632609974039
6,c40r2,test1,3.0,late,incompatible,7,1051.4035087719299,0.2982,114,0.5777243222905606
